,Player,Player.1,Apps,Mins,Tackles,Inter,Fouls,Offsides,Clear,Drb,Blocks,OwnG,Rating
0,"1Conor BradleyLiverpool, 20, D(R),M(R)","Conor Bradley Liverpool, 20, D(R),M(R)",5,386,3.0,0.6,1.2,0.2,1.2,1.4,-,-,7.72
1,"2Bukayo SakaArsenal, 22, D(L),M(CLR)","Bukayo Saka Arsenal, 22, D(L),M(CLR)",25,2139,2.0,0.4,1.2,-,0.5,1,0.1,-,7.71
2,"3RodriMan City, 27, D(C),DMC","Rodri Man City, 27, D(C),DMC",23,1990,2.1,0.9,1.3,-,1.4,0.8,0.3,-,7.58
3,"4Michael OliseCrystal Palace, 22, AM(CLR)","Michael Olise Crystal Palace, 22, AM(CLR)",8(3),755,1.3,0.5,0.6,-,0.7,1.1,-,-,7.54
4,"5Mohamed SalahLiverpool, 31, AM(CLR),FW","Mohamed Salah Liverpool, 31, AM(CLR),FW",20(1),1790,0.6,0.1,0.3,-,-,0.6,-,-,7.48
5,"6James MaddisonTottenham, 27, AM(CLR)","James Maddison Tottenham, 27, AM(CLR)",16,1321,1.5,0.5,0.8,-,0.2,0.5,0.1,-,7.46
6,"7Erling HaalandMan City, 23, FW","Erling Haaland Man City, 23, FW",20(1),1746,0.2,-,0.6,-,0.6,-,-,-,7.43
7,"8Solly MarchBrighton, 29, M(CLR)","Solly March Brighton, 29, M(CLR)",7,559,2.7,1.6,1.7,-,1.1,0.9,-,-,7.43
8,"9Ollie WatkinsAston Villa, 28, AM(LR),FW","Ollie Watkins Aston Villa, 28, AM(LR),FW",27,2393,0.3,0.1,0.7,0.1,0.7,0.2,0.1,-,7.41
9,"10Phil FodenMan City, 23, AM(CLR),FW","Phil Foden Man City, 23, AM(CLR),FW",24(2),2135,0.8,0.5,0.4,-,0.5,0.4,-,-,7.38
0,"1Conor BradleyLiverpool, 20, D(R),M(R)","Conor Bradley Liverpool, 20, D(R),M(R)",5,386,3.0,0.6,1.2,0.2,1.2,1.4,-,-,7.72
1,"2Bukayo SakaArsenal, 22, D(L),M(CLR)","Bukayo Saka Arsenal, 22, D(L),M(CLR)",25,2139,2.0,0.4,1.2,-,0.5,1,0.1,-,7.71
2,"3RodriMan City, 27, D(C),DMC","Rodri Man City, 27, D(C),DMC",23,1990,2.1,0.9,1.3,-,1.4,0.8,0.3,-,7.58
3,"4Michael OliseCrystal Palace, 22, AM(CLR)","Michael Olise Crystal Palace, 22, AM(CLR)",8(3),755,1.3,0.5,0.6,-,0.7,1.1,-,-,7.54
4,"5Mohamed SalahLiverpool, 31, AM(CLR),FW","Mohamed Salah Liverpool, 31, AM(CLR),FW",20(1),1790,0.6,0.1,0.3,-,-,0.6,-,-,7.48
5,"6James MaddisonTottenham, 27, AM(CLR)","James Maddison Tottenham, 27, AM(CLR)",16,1321,1.5,0.5,0.8,-,0.2,0.5,0.1,-,7.46
6,"7Erling HaalandMan City, 23, FW","Erling Haaland Man City, 23, FW",20(1),1746,0.2,-,0.6,-,0.6,-,-,-,7.43
7,"8Solly MarchBrighton, 29, M(CLR)","Solly March Brighton, 29, M(CLR)",7,559,2.7,1.6,1.7,-,1.1,0.9,-,-,7.43
8,"9Ollie WatkinsAston Villa, 28, AM(LR),FW","Ollie Watkins Aston Villa, 28, AM(LR),FW",27,2393,0.3,0.1,0.7,0.1,0.7,0.2,0.1,-,7.41
9,"10Phil FodenMan City, 23, AM(CLR),FW","Phil Foden Man City, 23, AM(CLR),FW",24(2),2135,0.8,0.5,0.4,-,0.5,0.4,-,-,7.38
0,"1Conor BradleyLiverpool, 20, D(R),M(R)","Conor Bradley Liverpool, 20, D(R),M(R)",5,386,3.0,0.6,1.2,0.2,1.2,1.4,-,-,7.72
1,"2Bukayo SakaArsenal, 22, D(L),M(CLR)","Bukayo Saka Arsenal, 22, D(L),M(CLR)",25,2139,2.0,0.4,1.2,-,0.5,1,0.1,-,7.71
2,"3RodriMan City, 27, D(C),DMC","Rodri Man City, 27, D(C),DMC",23,1990,2.1,0.9,1.3,-,1.4,0.8,0.3,-,7.58
3,"4Michael OliseCrystal Palace, 22, AM(CLR)","Michael Olise Crystal Palace, 22, AM(CLR)",8(3),755,1.3,0.5,0.6,-,0.7,1.1,-,-,7.54
4,"5Mohamed SalahLiverpool, 31, AM(CLR),FW","Mohamed Salah Liverpool, 31, AM(CLR),FW",20(1),1790,0.6,0.1,0.3,-,-,0.6,-,-,7.48
5,"6James MaddisonTottenham, 27, AM(CLR)","James Maddison Tottenham, 27, AM(CLR)",16,1321,1.5,0.5,0.8,-,0.2,0.5,0.1,-,7.46
6,"7Erling HaalandMan City, 23, FW","Erling Haaland Man City, 23, FW",20(1),1746,0.2,-,0.6,-,0.6,-,-,-,7.43
7,"8Solly MarchBrighton, 29, M(CLR)","Solly March Brighton, 29, M(CLR)",7,559,2.7,1.6,1.7,-,1.1,0.9,-,-,7.43
8,"9Ollie WatkinsAston Villa, 28, AM(LR),FW","Ollie Watkins Aston Villa, 28, AM(LR),FW",27,2393,0.3,0.1,0.7,0.1,0.7,0.2,0.1,-,7.41
9,"10Phil FodenMan City, 23, AM(CLR),FW","Phil Foden Man City, 23, AM(CLR),FW",24(2),2135,0.8,0.5,0.4,-,0.5,0.4,-,-,7.38
0,"11Son Heung-MinTottenham, 31, M(CLR),FW","Son Heung-Min Tottenham, 31, M(CLR),FW",22(1),1907,0.6,0.3,0.4,-,0.2,0.4,-,1,7.35
1,"12Declan RiceArsenal, 25, D(C),DMC","Declan Rice Arsenal, 25, D(C),DMC",26,2235,2.0,1.3,0.8,-,1.5,0.7,0.3,-,7.33
2,"13Pascal GroßBrighton, 32, D(LR),M(CR),FW","Pascal Groß Brighton, 32, D(LR),M(CR),FW",23(2),2124,1.9,0.6,0.5,-,0.7,1.1,0.2,-,7.3
3,"14Jérémy DokuMan City, 21, M(LR)","Jérémy Doku Man City, 21, M(LR)",13(5),1122,1.6,0.4,0.6,-,0.1,0.4,-,-,7.3
4,"15Virgil van DijkLiverpool, 32, D(C)","Virgil van Dijk Liverpool, 32, D(C)",25,2188,1.1,1.2,0.6,0.6,4.4,-,1,-,7.29
5,"16Martin ØdegaardArsenal, 25, AM(CR)","Martin Ødegaard Arsenal, 25, AM(CR)",23,2037,1.4,0.3,0.9,-,0.2,1.2,-,-,7.29
6,"17Eberechi EzeCrystal Palace, 25, AM(CLR)","Eberechi Eze Crystal Palace, 25, AM(CLR)",14(3),1229,1.4,0.4,1.1,-,0.2,0.6,0.1,-,7.25
7,"18Matheus CunhaWolves, 24, AM(CL),FW","Matheus Cunha Wolves, 24, AM(CL),FW",24,1974,1.0,0.5,0.8,-,0.6,0.8,0.3,-,7.25
8,"19Kevin De BruyneMan City, 32, M(CLR),FW","Kevin De Bruyne Man City, 32, M(CLR),FW",4(3),334,0.6,-,0.7,-,0.1,0.4,-,-,7.23
9,"20Ross BarkleyLuton, 30, M(CLR)","Ross Barkley Luton, 30, M(CLR)",19(2),1697,1.7,0.9,0.7,-,1.8,1.2,0.3,-,7.21
0,"21Douglas LuizAston Villa, 25, M(C)","Douglas Luiz Aston Villa, 25, M(C)",26,2244,1.8,0.7,1.3,0.2,0.6,0.8,0.2,-,7.21
1,"22Bruno FernandesMan Utd, 29, M(CLR)","Bruno Fernandes Man Utd, 29, M(CLR)",25,2250,2.2,0.8,1.3,-,1.1,1.9,0.2,-,7.2
2,"23Bruno GuimarãesNewcastle, 26, DMC","Bruno Guimarães Newcastle, 26, DMC",26,2288,2.1,0.9,1.3,-,0.6,1.0,0.3,-,7.19
3,"24Julián ÁlvarezMan City, 24, AM(CR),FW","Julián Álvarez Man City, 24, AM(CR),FW",25(1),2110,0.7,0.1,0.8,-,0.5,0.7,-,-,7.19
4,"25Ivan ToneyBrentford, 27, FW","Ivan Toney Brentford, 27, FW",8,720,1.1,0.9,1.1,-,0.9,0.8,-,-,7.18
5,"26Pedro PorroTottenham, 24, D(R),M(R)","Pedro Porro Tottenham, 24, D(R),M(R)",23,2068,2.9,1.0,1.0,0.5,2.5,1.9,0.6,-,7.18
6,"27Kieran TrippierNewcastle, 33, D(LR),M(R)","Kieran Trippier Newcastle, 33, D(LR),M(R)",25,2167,2.3,0.9,1.1,0.3,1.8,1.6,0.3,-,7.18
7,"28Trent Alexander-ArnoldLiverpool, 25, D(R),DMC,M(R)","Trent Alexander-Arnold Liverpool, 25, D(R),DMC,M(R)",19(2),1627,1.3,1.1,0.2,0.2,1.6,2.2,-,-,7.18
8,"29Bernardo SilvaMan City, 29, M(CLR),FW","Bernardo Silva Man City, 29, M(CLR),FW",19(3),1718,1.6,0.3,0.5,-,0.4,0.8,0.1,-,7.15
9,"30James Ward-ProwseWest Ham, 29, M(CR)","James Ward-Prowse West Ham, 29, M(CR)",26,2290,1.3,1.1,0.7,-,1.4,0.7,0.3,-,7.15
0,"31Mohammed KudusWest Ham, 23, M(CR),FW","Mohammed Kudus West Ham, 23, M(CR),FW",16(6),1503,2.0,0.2,1.2,-,0.3,0.4,-,-,7.14
1,"32Anthony GordonNewcastle, 23, AM(CLR),FW","Anthony Gordon Newcastle, 23, AM(CLR),FW",25(1),2163,1.6,0.2,1.1,-,0.1,1.3,-,-,7.14
2,"33Lucas PaquetáWest Ham, 26, M(CLR),FW","Lucas Paquetá West Ham, 26, M(CLR),FW",20,1678,2.4,0.7,1.6,-,0.9,1.0,-,-,7.14
3,"34Cole PalmerChelsea, 21, AM(CR),FW","Cole Palmer Chelsea, 21, AM(CR),FW",18(4),1660,0.7,0.5,0.7,-,0.4,0.5,-,-,7.12
4,"35John McGinnAston Villa, 29, M(CLR)","John McGinn Aston Villa, 29, M(CLR)",27,2318,1.7,0.6,1.2,0.1,0.5,1.2,0.1,-,7.12
5,"36James TarkowskiEverton, 31, D(C)","James Tarkowski Everton, 31, D(C)",27,2430,1.5,1.8,1.0,0.6,4.7,0.5,1.5,-,7.1
6,"37Diogo JotaLiverpool, 27, AM(CLR),FW","Diogo Jota Liverpool, 27, AM(CLR),FW",13(6),1053,1.2,0.3,1.4,-,0.2,0.6,0.1,-,7.1
7,"38Bryan MbeumoBrentford, 24, AM(LR),FW","Bryan Mbeumo Brentford, 24, AM(LR),FW",15,1288,0.8,0.3,1.1,-,0.5,0.6,-,-,7.1
8,"39Jarrod BowenWest Ham, 27, AM(CLR),FW","Jarrod Bowen West Ham, 27, AM(CLR),FW",26,2337,1.2,0.6,0.9,-,0.4,0.6,0.2,-,7.09
9,"40João PalhinhaFulham, 28, DMC","João Palhinha Fulham, 28, DMC",21(1),1854,4.8,1.6,1.6,-,1.7,1.6,0.3,-,7.08
0,"41Darwin NúñezLiverpool, 24, AM(CL),FW","Darwin Núñez Liverpool, 24, AM(CL),FW",16(9),1498,0.8,0.1,0.9,-,0.2,0.4,0.2,-,7.08
1,"42Alexis Mac AllisterLiverpool, 25, M(CL),FW","Alexis Mac Allister Liverpool, 25, M(CL),FW",21(1),1731,2.7,1.2,1.6,-,0.6,2,0.2,-,7.07
2,"43Cristian RomeroTottenham, 25, D(C)","Cristian Romero Tottenham, 25, D(C)",21,1713,2,1.3,0.7,0.9,3.1,0.3,0.5,1,7.07
3,"44Gabriel JesusArsenal, 26, AM(LR),FW","Gabriel Jesus Arsenal, 26, AM(LR),FW",13(4),1099,1.1,0.4,1.3,-,0.4,0.6,0.1,-,7.07
4,"45Dejan KulusevskiTottenham, 23, AM(CR),FW","Dejan Kulusevski Tottenham, 23, AM(CR),FW",23(1),2034,1.8,0.4,1.6,-,-,1.2,-,-,7.06
5,"46Pedro NetoWolves, 23, AM(CLR),FW","Pedro Neto Wolves, 23, AM(CLR),FW",17(1),1463,0.4,0.2,0.8,-,0.1,0.5,0.1,-,7.06
6,"47Thomas StrakoshaBrentford, 28, GK","Thomas Strakosha Brentford, 28, GK",1(1),135,-,-,-,-,0.5,-,-,-,7.05
7,"48Manor SolomonTottenham, 24, AM(CL)","Manor Solomon Tottenham, 24, AM(CL)",2(3),198,0.6,0.6,0.4,-,0.2,0.2,-,-,7.05
8,"49Conor GallagherChelsea, 24, M(C)","Conor Gallagher Chelsea, 24, M(C)",25,2097,2.6,1.3,2.2,-,0.5,1.1,0.3,-,7.04
9,"50Dominik SzoboszlaiLiverpool, 23, AM(CLR)","Dominik Szoboszlai Liverpool, 23, AM(CLR)",20(2),1677,1.3,0.5,1,-,0.6,1.3,0.1,-,7.03
0,"51Dominic SolankeBournemouth, 26, FW","Dominic Solanke Bournemouth, 26, FW",25,2231,0.6,0.1,1.1,-,1.2,0.3,0.2,-,7.03
1,"52Gabriel MartinelliArsenal, 22, AM(L),FW","Gabriel Martinelli Arsenal, 22, AM(L),FW",22(2),1704,0.8,0.2,0.7,-,0.2,0.3,-,-,7.03
2,"53Andy RobertsonLiverpool, 29, D(L),M(L)","Andy Robertson Liverpool, 29, D(L),M(L)",11(3),1035,1.8,0.6,0.5,0.2,1.8,0.6,0.2,-,7.03
3,"54Gabriel MagalhãesArsenal, 26, D(C)","Gabriel Magalhães Arsenal, 26, D(C)",22(2),1995,1.3,0.9,0.8,0.4,2.3,0.1,1,1,7.02
4,"55Leon BaileyAston Villa, 26, M(CLR),FW","Leon Bailey Aston Villa, 26, M(CLR),FW",14(11),1343,0.2,0.3,0.6,-,0.1,0.3,-,-,7.01
5,"56Antonee RobinsonFulham, 26, D(L),M(L)","Antonee Robinson Fulham, 26, D(L),M(L)",26,2291,2.7,2.5,1.0,0.5,2.8,1.3,0.2,2,7.0
6,"57Jordan AyewCrystal Palace, 32, AM(CLR),FW","Jordan Ayew Crystal Palace, 32, AM(CLR),FW",24(1),2071,2.1,0.5,1.5,-,0.4,0.7,0.1,-,6.99
7,"58Diogo DalotMan Utd, 24, D(LR),M(R)","Diogo Dalot Man Utd, 24, D(LR),M(R)",23(1),2094,2.1,1.1,1.0,0.2,2.9,0.5,0.4,-,6.98
8,"59Ethan PinnockBrentford, 30, D(C)","Ethan Pinnock Brentford, 30, D(C)",23,2070,1.4,1.6,0.1,0.4,6.1,0.4,0.9,-,6.97
9,"60João PedroBrighton, 22, AM(CL),FW","João Pedro Brighton, 22, AM(CL),FW",12(11),1392,1.0,0.4,0.6,0.1,0.9,0.3,-,-,6.97
0,"61Tomás SoucekWest Ham, 29, M(C)","Tomás Soucek West Ham, 29, M(C)",24(2),2059,1.3,1.1,1.1,0.1,2.7,0.7,0.8,-,6.97
1,"62Luis DíazLiverpool, 27, AM(L)","Luis Díaz Liverpool, 27, AM(L)",21(5),1756,0.8,0.1,1.2,-,0.2,0.8,-,-,6.96
2,"63Aleksandar MitrovicFulham, 29, FW","Aleksandar Mitrovic Fulham, 29, FW",0(1),32,-,-,-,-,-,-,-,-,6.95
3,"64Dwight McNeilEverton, 24, M(CLR)","Dwight McNeil Everton, 24, M(CLR)",22(2),1931,1.2,0.6,0.5,-,0.8,1,0.3,-,6.95
4,"65Thomas ParteyArsenal, 30, D(R),M(CR)","Thomas Partey Arsenal, 30, D(R),M(CR)",3(1),252,1.5,1,-,-,0.5,0.5,0.3,-,6.95
5,"66Vitalii MykolenkoEverton, 24, D(CL),M(L)","Vitalii Mykolenko Everton, 24, D(CL),M(L)",22,1978,2.7,1.5,0.9,0.3,3,0.9,0.5,-,6.95
6,"67RicharlisonTottenham, 26, AM(CLR),FW","Richarlison Tottenham, 26, AM(CLR),FW",17(5),1352,0.7,0.4,0.8,-,1,0.3,0.3,-,6.94
7,"68Mario LeminaWolves, 30, DMC","Mario Lemina Wolves, 30, DMC",24,2096,2.8,1.5,1.3,-,1.9,0.7,0.2,-,6.94
8,"69Dan BurnNewcastle, 31, D(CL),M(L)","Dan Burn Newcastle, 31, D(CL),M(L)",21(1),1764,2,1.2,0.9,0.4,3.5,1.3,0.5,-,6.94
9,"70EmersonWest Ham, 29, D(L),M(L)","Emerson West Ham, 29, D(L),M(L)",25(1),2274,3,1.2,0.8,0.3,2.5,0.7,0.3,-,6.93
0,"71Timo WernerTottenham, 27, AM(CLR),FW","Timo Werner Tottenham, 27, AM(CLR),FW",5(1),419,0.5,0.5,0.2,-,-,1.0,-,-,6.93
1,"72James GarnerEverton, 22, M(CR)","James Garner Everton, 22, M(CR)",25(1),2238,2.5,1.4,1.1,-,1.4,1.6,0.4,-,6.93
2,"73Alphonse AreolaWest Ham, 31, GK","Alphonse Areola West Ham, 31, GK",24,2116,-,-,0.1,-,0.7,0.1,-,-,6.92
3,"74Hwang Hee-ChanWolves, 28, AM(CLR),FW","Hwang Hee-Chan Wolves, 28, AM(CLR),FW",19(3),1632,0.7,0.4,1.1,-,0.4,0.6,-,-,6.91
4,"75Simon AdingraBrighton, 22, M(LR),FW","Simon Adingra Brighton, 22, M(LR),FW",15(5),1370,1.1,0.6,0.9,-,0.5,0.9,0.1,-,6.91
5,"76Pablo SarabiaWolves, 31, D(L),M(CLR),FW","Pablo Sarabia Wolves, 31, D(L),M(CLR),FW",14(6),1188,0.7,0.4,0.6,-,0.3,0.8,0.1,-,6.9
6,"77Jarrad BranthwaiteEverton, 21, D(C)","Jarrad Branthwaite Everton, 21, D(C)",24,2160,2,1.7,1.0,0.6,4.3,0.3,0.9,-,6.9
7,"78Ibrahima KonatéLiverpool, 24, D(C)","Ibrahima Konaté Liverpool, 24, D(C)",14(5),1328,1.6,0.9,1.2,0.7,2.4,0.3,0.6,-,6.9
8,"79Tosin AdarabioyoFulham, 26, D(CR)","Tosin Adarabioyo Fulham, 26, D(CR)",11(2),992,1.1,1.3,0.3,0.6,4.5,0.3,0.6,-,6.89
9,"80Alexander IsakNewcastle, 24, AM(L),FW","Alexander Isak Newcastle, 24, AM(L),FW",16(3),1321,0.2,0.2,0.5,-,0.3,0.2,-,-,6.88
0,"81Kaoru MitomaBrighton, 26, M(L)","Kaoru Mitoma Brighton, 26, M(L)",15(4),1488,0.7,0.3,0.7,-,0.6,0.7,0.1,-,6.88
1,"82Marcus TavernierBournemouth, 24, M(CLR)","Marcus Tavernier Bournemouth, 24, M(CLR)",19(3),1633,1.8,0.2,0.6,-,0.6,0.8,0.1,-,6.88
2,"83Willy-Arnaud BolyNottingham Forest, 33, D(C)","Willy-Arnaud Boly Nottingham Forest, 33, D(C)",13(2),999,2,1.3,1.0,0.4,4.3,0.7,0.9,-,6.88
3,"84Oleksandr ZinchenkoArsenal, 27, D(L),M(CLR)","Oleksandr Zinchenko Arsenal, 27, D(L),M(CLR)",17(4),1434,2.2,0.7,0.3,0.1,0.7,0.7,0.1,-,6.88
4,"85Alfie DoughtyLuton, 24, D(L),M(LR)","Alfie Doughty Luton, 24, D(L),M(LR)",22(3),1914,1.6,0.8,0.8,0.1,1,1.2,-,-,6.88
5,"86Julio EncisoBrighton, 20, AM(C)","Julio Enciso Brighton, 20, AM(C)",2(2),133,-,-,0.5,-,-,0.5,-,-,6.88
6,"87Morgan Gibbs-WhiteNottingham Forest, 24, AM(CLR),FW","Morgan Gibbs-White Nottingham Forest, 24, AM(CLR),FW",24(2),2220,1.1,0.4,0.9,-,0.5,0.5,0.2,-,6.87
7,"88Cheick DoucouréCrystal Palace, 24, DMC","Cheick Doucouré Crystal Palace, 24, DMC",11,922,3.1,1.8,0.9,0.1,0.8,1.1,0.2,-,6.87
8,"89Christian NørgaardBrentford, 29, D(C),DMC","Christian Nørgaard Brentford, 29, D(C),DMC",25,2148,2.9,1.8,1.3,-,2,2.0,0.1,-,6.87
9,"90Daniel MuñozCrystal Palace, 27, D(CR),DMC","Daniel Muñoz Crystal Palace, 27, D(CR),DMC",5,450,2.4,1.2,1.4,0.6,2.6,1.4,1,-,6.86
0,"91Martin DúbravkaNewcastle, 35, GK","Martin Dúbravka Newcastle, 35, GK",12(1),1084,-,-,0.2,-,0.6,0.2,-,-,6.86
1,"92Raheem SterlingChelsea, 29, M(CLR),FW","Raheem Sterling Chelsea, 29, M(CLR),FW",20(4),1750,0.8,0.5,1.2,-,0.3,0.5,-,-,6.86
2,"93Albert Sambi LokongaLuton, 24, DMC","Albert Sambi Lokonga Luton, 24, DMC",11(1),879,1.6,0.5,1.0,-,0.9,0.4,0.9,-,6.85
3,"94CasemiroMan Utd, 32, DMC","Casemiro Man Utd, 32, DMC",13,1002,3.3,0.7,1.5,-,2.4,2.2,0.8,-,6.85
4,"95Harry MaguireMan Utd, 30, D(C)","Harry Maguire Man Utd, 30, D(C)",13(3),1156,1,1.2,1.1,0.4,3.3,0.5,1.1,-,6.85
5,"96Edson ÁlvarezWest Ham, 26, D(C),DMC","Edson Álvarez West Ham, 26, D(C),DMC",22(1),1840,2.7,1.3,1.1,0.1,2.6,1.0,0.7,-,6.84
6,"97Yves BissoumaTottenham, 27, M(C)","Yves Bissouma Tottenham, 27, M(C)",17(1),1408,3.2,1.5,1.2,0.1,1.7,0.7,0.2,-,6.84
7,"98Fabian SchärNewcastle, 32, D(C)","Fabian Schär Newcastle, 32, D(C)",27,2354,1.1,0.9,1.0,0.3,3.7,0.6,1.1,-,6.84
8,"99Nicolas JacksonChelsea, 22, FW","Nicolas Jackson Chelsea, 22, FW",19(4),1732,0.4,0.1,0.7,-,0.6,0.6,0.2,-,6.84
9,"100Nicolás DomínguezNottingham Forest, 25, M(CL)","Nicolás Domínguez Nottingham Forest, 25, M(CL)",17(1),1287,3.3,0.7,1.1,-,1.2,1.1,0.2,-,6.83
0,"101Yoane WissaBrentford, 27, AM(L),FW","Yoane Wissa Brentford, 27, AM(L),FW",20(3),1751,0.9,0.3,1,0.1,0.3,0.6,0.1,-,6.82
1,"102Guglielmo VicarioTottenham, 27, GK","Guglielmo Vicario Tottenham, 27, GK",26,2340,-,-,-,-,1.2,-,-,-,6.82
2,"103Levi ColwillChelsea, 21, D(CL)","Levi Colwill Chelsea, 21, D(CL)",20(3),1800,2.1,1.1,1.1,0.3,2.8,0.3,0.4,-,6.82
3,"104Scott McKennaNottingham Forest, 27, D(C)","Scott McKenna Nottingham Forest, 27, D(C)",5,417,0.8,1,0.6,-,5.0,0.2,0.8,-,6.81
4,"105Craig DawsonWolves, 33, D(CR)","Craig Dawson Wolves, 33, D(CR)",25,2211,1.2,0.6,0.8,0.4,4.8,0.5,1.6,-,6.81
5,"106Kai HavertzArsenal, 24, M(CR),FW","Kai Havertz Arsenal, 24, M(CR),FW",18(7),1603,1,0.6,1.2,-,0.5,0.7,-,-,6.81
6,"107Chiedozie OgbeneLuton, 26, M(CLR),FW","Chiedozie Ogbene Luton, 26, M(CLR),FW",16(9),1636,0.6,0.2,0.2,-,1.1,0.4,0.1,-,6.81
7,"108Alejandro GarnachoMan Utd, 19, AM(LR)","Alejandro Garnacho Man Utd, 19, AM(LR)",18(6),1609,0.6,0.5,0.7,-,0.5,1,-,-,6.81
8,"109Micky van de VenTottenham, 22, D(CL)","Micky van de Ven Tottenham, 22, D(CL)",17,1485,1.8,0.7,0.4,1.4,2.9,0.4,0.5,-,6.8
9,"110Jack GrealishMan City, 28, AM(CL),FW","Jack Grealish Man City, 28, AM(CL),FW",7(7),704,0.9,0.3,0.4,-,0.2,0.4,0.1,-,6.8
0,"111Matheus NunesWolves, 25, M(CLR)","Matheus Nunes Wolves, 25, M(CLR)",2,180,1.5,3,0.5,-,0.5,2,-,-,6.8
1,"112Enzo FernándezChelsea, 23, M(C)","Enzo Fernández Chelsea, 23, M(C)",21(2),1788,1.9,0.7,1.2,-,0.9,1.3,0.5,-,6.8
2,"113Manuel AkanjiMan City, 28, D(CLR),DMC","Manuel Akanji Man City, 28, D(CLR),DMC",18(1),1588,1.3,0.9,0.6,0.4,2.4,0.6,0.5,-,6.8
3,"114André OnanaMan Utd, 27, GK","André Onana Man Utd, 27, GK",26,2340,-,-,-,-,0.6,-,-,-,6.79
4,"115Boubacar KamaraAston Villa, 24, D(CL),DMC","Boubacar Kamara Aston Villa, 24, D(CL),DMC",20,1662,2.2,1.1,1.8,-,0.8,1.2,0.4,-,6.79
5,"116Pape SarrTottenham, 21, M(C)","Pape Sarr Tottenham, 21, M(C)",18(4),1362,1.1,0.7,0.9,-,0.8,0.6,0.2,-,6.79
6,"117Josko GvardiolMan City, 22, D(CL)","Josko Gvardiol Man City, 22, D(CL)",16(2),1474,1.7,1.1,0.9,0.3,0.8,0.5,0.5,-,6.79
7,"118Lucas DigneAston Villa, 30, D(CL),M(L)","Lucas Digne Aston Villa, 30, D(CL),M(L)",18(4),1581,1.4,0.9,1,0.5,1.6,0.5,-,-,6.79
8,"119Amadou OnanaEverton, 22, DMC","Amadou Onana Everton, 22, DMC",17(4),1575,2.5,0.5,1.3,-,1.0,0.8,0.1,-,6.79
9,"120Jan Paul van HeckeBrighton, 23, D(C)","Jan Paul van Hecke Brighton, 23, D(C)",20(2),1828,1.7,1.2,0.3,0.5,2.9,0.7,0.9,-,6.79
0,"121Jefferson LermaCrystal Palace, 29, D(R),DMC","Jefferson Lerma Crystal Palace, 29, D(R),DMC",22,1940,1.4,1.1,1.7,-,1.9,0.8,0.4,-,6.79
1,"122Brennan JohnsonTottenham, 22, AM(CLR),FW","Brennan Johnson Tottenham, 22, AM(CLR),FW",13(7),1114,0.8,0.3,0.5,-,0.5,0.6,-,-,6.78
2,"123Rúben DiasMan City, 26, D(C)","Rúben Dias Man City, 26, D(C)",20(2),1838,1.2,1.0,1.0,0.6,3.0,0.3,0.6,1,6.78
3,"124Joachim AndersenCrystal Palace, 27, D(C)","Joachim Andersen Crystal Palace, 27, D(C)",27,2430,1.3,1.1,0.9,0.5,4.9,0.3,0.6,-,6.78
4,"125Pervis EstupiñánBrighton, 26, D(L),M(L)","Pervis Estupiñán Brighton, 26, D(L),M(L)",11(4),979,1.2,1.1,1.2,0.3,0.9,0.8,0.1,1,6.78
5,"126Maximilian KilmanWolves, 26, D(C)","Maximilian Kilman Wolves, 26, D(C)",27,2430,1.2,1.1,1.1,0.4,4.7,0.2,0.7,-,6.78
6,"127Destiny UdogieTottenham, 21, D(L),M(L)","Destiny Udogie Tottenham, 21, D(L),M(L)",22,1858,2.8,1.3,1.8,0.4,2.6,0.8,0.3,-,6.78
7,"128Kyle WalkerMan City, 33, D(CR),M(R)","Kyle Walker Man City, 33, D(CR),M(R)",23(1),2081,1.0,0.8,0.9,0.3,1.2,0.6,0.2,-,6.78
8,"129Ryan ChristieBournemouth, 29, M(CLR),FW","Ryan Christie Bournemouth, 29, M(CLR),FW",24(1),1993,2.2,1.3,1.3,-,1.0,1.5,0.2,-,6.78
9,"130Scott McTominayMan Utd, 27, D(C),M(C)","Scott McTominay Man Utd, 27, D(C),M(C)",12(11),1286,1.7,0.5,0.9,-,1.4,0.4,0.3,-,6.77
0,"131Joël MatipLiverpool, 32, D(C)","Joël Matip Liverpool, 32, D(C)",9(1),783,1.2,0.9,0.7,0.5,4.1,0.4,1.2,1,6.77
1,"132William SalibaArsenal, 22, D(C)","William Saliba Arsenal, 22, D(C)",26,2340,1,0.8,0.5,0.3,2.0,0.1,0.4,-,6.77
2,"133Emiliano MartínezAston Villa, 31, GK","Emiliano Martínez Aston Villa, 31, GK",26,2340,-,-,-,-,0.5,-,-,1,6.77
3,"134Jacob MurphyNewcastle, 29, D(R),M(LR)","Jacob Murphy Newcastle, 29, D(R),M(LR)",4(6),419,0.7,-,0.4,-,0.5,0.3,-,-,6.77
4,"135Lewis DunkBrighton, 32, D(C)","Lewis Dunk Brighton, 32, D(C)",23,2017,0.8,0.8,0.6,0.4,2.0,0.9,1.2,-,6.76
5,"136Rayan Aït-NouriWolves, 22, D(L),M(L)","Rayan Aït-Nouri Wolves, 22, D(L),M(L)",20(3),1628,2.1,0.5,0.9,0.1,1.0,0.5,0.3,-,6.76
6,"137Ben WhiteArsenal, 26, D(CR),DMC","Ben White Arsenal, 26, D(CR),DMC",23(2),1984,1.2,0.9,0.5,0.4,1.7,0.6,0.6,-,6.76
7,"138Callum Hudson-OdoiNottingham Forest, 23, M(CLR)","Callum Hudson-Odoi Nottingham Forest, 23, M(CLR)",11(7),1049,0.6,0.2,0.5,-,0.4,0.7,0.1,-,6.76
8,"139NetoBournemouth, 34, GK","Neto Bournemouth, 34, GK",23,2070,-,-,-,-,1.1,-,-,-,6.76
9,"140Aaron Wan-BissakaMan Utd, 26, D(R),M(R)","Aaron Wan-Bissaka Man Utd, 26, D(R),M(R)",10(2),885,2.1,1.7,0.9,0.3,2.5,0.5,0.7,-,6.76
0,"141Alex IwobiFulham, 27, M(CLR)","Alex Iwobi Fulham, 27, M(CLR)",14(5),1317,0.8,0.7,0.5,0.1,0.3,0.6,-,-,6.75
1,"142Vinicius SouzaSheff Utd, 24, DMC","Vinicius Souza Sheff Utd, 24, DMC",24(1),2038,3.9,1.1,1.3,-,2.2,0.9,0.4,-,6.75
2,"143JoelintonNewcastle, 27, AM(CLR),FW","Joelinton Newcastle, 27, AM(CLR),FW",14(2),1137,1.9,1.1,1.6,-,0.6,1.3,0.3,-,6.75
3,"144WillianFulham, 35, AM(CLR)","Willian Fulham, 35, AM(CLR)",18(4),1508,0.4,0.4,0.4,-,0.5,0.6,-,-,6.75
4,"145Caoimhín KelleherLiverpool, 25, GK","Caoimhín Kelleher Liverpool, 25, GK",6,540,-,-,-,-,0.7,-,-,-,6.75
5,"146Nathan AkéMan City, 29, D(CL),DMC","Nathan Aké Man City, 29, D(CL),DMC",17(4),1547,0.9,0.4,0.4,0.7,1.8,0.2,-,-,6.75
6,"147Rodrigo MunizFulham, 22, FW","Rodrigo Muniz Fulham, 22, FW",8(7),782,0.2,0.3,0.9,0.1,0.7,0.2,0.1,-,6.74
7,"148Carlton MorrisLuton, 28, AM(CL),FW","Carlton Morris Luton, 28, AM(CL),FW",20(6),1787,0.3,-,1.2,-,1.0,0.2,-,-,6.74
8,"149Nélson SemedoWolves, 30, D(LR),M(R)","Nélson Semedo Wolves, 30, D(LR),M(R)",26,2261,2.3,1,1.3,0.2,2.3,0.8,0.3,-,6.74
9,"150Abdoulaye DoucouréEverton, 31, M(C)","Abdoulaye Doucouré Everton, 31, M(C)",21,1787,1.4,0.6,2,-,0.5,0.8,0.1,-,6.74
0,"151Kostas TsimikasLiverpool, 27, D(L)","Kostas Tsimikas Liverpool, 27, D(L)",8(4),671,1.6,0.5,0.8,0.2,0.8,0.5,0.1,-,6.74
1,"152Sergio ReguilónBrentford, 27, D(L),M(L)","Sergio Reguilón Brentford, 27, D(L),M(L)",6(1),510,3.4,1,1,-,1.6,1.3,0.1,-,6.74
2,"153Marcos SenesiBournemouth, 26, D(C)","Marcos Senesi Bournemouth, 26, D(C)",18(4),1648,1.8,1,1.5,0.3,3.5,1.1,0.8,-,6.74
3,"154Marcus RashfordMan Utd, 26, AM(CLR),FW","Marcus Rashford Man Utd, 26, AM(CLR),FW",21(4),1831,0.5,0.1,0.4,-,0.4,0.6,-,-,6.74
4,"155Djordje PetrovicChelsea, 24, GK","Djordje Petrovic Chelsea, 24, GK",10(1),906,-,-,-,-,0.8,-,-,-,6.73
5,"156Leandro TrossardArsenal, 29, M(CLR),FW","Leandro Trossard Arsenal, 29, M(CLR),FW",9(13),919,0.7,0.3,0.2,-,0.2,0.3,-,-,6.73
6,"157Matty CashAston Villa, 26, D(R),M(CLR)","Matty Cash Aston Villa, 26, D(R),M(CLR)",20(4),1765,1.8,0.7,1,0.7,1.9,0.9,0.4,1,6.73
7,"158Gabriel OshoLuton, 25, D(CR),DMC","Gabriel Osho Luton, 25, D(CR),DMC",15,1317,1.9,1.8,1.1,0.4,4.4,0.5,1.1,-,6.73
8,"159Ezri KonsaAston Villa, 26, D(CR)","Ezri Konsa Aston Villa, 26, D(CR)",24,2089,1.5,0.9,0.4,1.3,2.2,0.1,0.6,-,6.73
9,"160Callum WilsonNewcastle, 32, FW","Callum Wilson Newcastle, 32, FW",8(8),857,0.3,0.1,0.9,-,0.1,0.3,-,-,6.73
0,"161Oliver McBurnieSheff Utd, 27, AM(CL),FW","Oliver McBurnie Sheff Utd, 27, AM(CL),FW",9(5),797,0.7,0.2,0.9,0.1,1.2,0.2,0.1,-,6.73
1,"162Kobbie MainooMan Utd, 18, DMC","Kobbie Mainoo Man Utd, 18, DMC",12,955,1.7,0.9,0.9,-,1.6,1.0,0.6,-,6.73
2,"163MurilloNottingham Forest, 21, D(C)","Murillo Nottingham Forest, 21, D(C)",21,1819,1.5,1.1,1,0.3,5.9,0.5,0.9,-,6.72
3,"164Taiwo AwoniyiNottingham Forest, 26, FW","Taiwo Awoniyi Nottingham Forest, 26, FW",12(4),1013,0.6,0.1,0.6,-,0.6,0.1,0.1,-,6.72
4,"165Jordan BeyerBurnley, 23, D(CR)","Jordan Beyer Burnley, 23, D(CR)",15,1239,2.3,1.1,0.7,0.3,4.5,0.7,1,-,6.72
5,"166Lewis CookBournemouth, 27, M(CL)","Lewis Cook Bournemouth, 27, M(CL)",19(1),1625,2,2.1,1.2,-,1.2,0.9,0.3,-,6.72
6,"167Nick PopeNewcastle, 31, GK","Nick Pope Newcastle, 31, GK",14,1256,-,-,-,-,1.2,0.1,-,-,6.72
7,"168Thiago SilvaChelsea, 39, D(C)","Thiago Silva Chelsea, 39, D(C)",22(1),1983,1.1,0.9,0.3,0.3,4.6,0.5,0.9,-,6.72
8,"169Rico HenryBrentford, 26, D(L),M(L)","Rico Henry Brentford, 26, D(L),M(L)",5,402,1.4,1,0.8,-,1.0,0.2,0.6,-,6.72
9,"170Rasmus HøjlundMan Utd, 21, FW","Rasmus Højlund Man Utd, 21, FW",17(3),1474,0.5,0.1,0.5,-,0.6,0.4,-,-,6.72
0,"171Marc CucurellaChelsea, 25, D(CL),M(L)","Marc Cucurella Chelsea, 25, D(CL),M(L)",8(1),706,3,1.3,1.2,0.2,1.9,1.2,0.6,-,6.71
1,"172Ben GodfreyEverton, 26, D(CLR)","Ben Godfrey Everton, 26, D(CLR)",7(1),582,2.5,0.8,0.8,0.1,2.9,1.3,0.5,-,6.71
2,"173Cody GakpoLiverpool, 24, AM(CLR),FW","Cody Gakpo Liverpool, 24, AM(CLR),FW",12(13),1146,0.7,0.3,0.9,-,0.3,0.4,0.2,-,6.71
3,"174James TraffordBurnley, 21, GK","James Trafford Burnley, 21, GK",26,2340,0.1,-,-,-,1.4,-,-,-,6.71
4,"175Antoine SemenyoBournemouth, 24, AM(LR),FW","Antoine Semenyo Bournemouth, 24, AM(LR),FW",15(6),1163,0.7,0.2,1.1,-,0.4,0.5,-,-,6.71
5,"176Vladimír CoufalWest Ham, 31, D(R),M(R)","Vladimír Coufal West Ham, 31, D(R),M(R)",25,2215,2,1.4,1.1,-,2.7,1,0.4,-,6.7
6,"177Bernd LenoFulham, 31, GK","Bernd Leno Fulham, 31, GK",27,2430,-,-,-,-,0.9,-,-,1,6.7
7,"178Joe GomezLiverpool, 26, D(CLR)","Joe Gomez Liverpool, 26, D(CLR)",13(10),1359,1.5,0.6,1,0.1,1.6,1.1,0.1,-,6.69
8,"179Andreas PereiraFulham, 28, M(CLR)","Andreas Pereira Fulham, 28, M(CLR)",24(3),1886,0.6,0.1,0.5,-,0.4,0.7,0.1,-,6.69
9,"180Malo GustoChelsea, 20, D(R),M(R)","Malo Gusto Chelsea, 20, D(R),M(R)",14(5),1282,2.2,0.5,0.9,0.1,1.5,0.7,0.2,-,6.69
0,"181Moisés CaicedoChelsea, 22, DMC","Moisés Caicedo Chelsea, 22, DMC",21(2),1856,2.4,0.7,1.7,0.1,1.0,0.7,0.7,-,6.69
1,"182Mathias JensenBrentford, 28, M(C)","Mathias Jensen Brentford, 28, M(C)",19(3),1470,1.6,0.5,0.8,-,0.7,2.1,0.2,-,6.69
2,"183Axel DisasiChelsea, 25, D(CR)","Axel Disasi Chelsea, 25, D(CR)",24,2137,1.0,0.6,0.5,1.1,3.5,0.3,0.6,1,6.69
3,"184Miguel AlmirónNewcastle, 30, AM(CLR),FW","Miguel Almirón Newcastle, 30, AM(CLR),FW",22(5),1782,1.2,0.3,0.6,-,0.4,0.6,0.1,-,6.68
4,"185Pau TorresAston Villa, 27, D(C)","Pau Torres Aston Villa, 27, D(C)",18(2),1654,1.0,0.4,0.6,0.9,2.4,0.6,0.3,-,6.68
5,"186Neco WilliamsNottingham Forest, 22, D(LR),M(LR)","Neco Williams Nottingham Forest, 22, D(LR),M(LR)",10(8),972,2.8,0.9,0.7,-,1.3,0.9,0.5,-,6.68
6,"187Anthony ElangaNottingham Forest, 21, AM(LR),FW","Anthony Elanga Nottingham Forest, 21, AM(LR),FW",19(7),1811,1.1,0.3,0.2,-,0.5,0.5,0.1,-,6.67
7,"188Tom LockyerLuton, 29, D(C)","Tom Lockyer Luton, 29, D(C)",14,1173,1.8,1.6,1.1,0.3,4.7,0.5,0.9,1,6.67
8,"189João GomesWolves, 23, DMC","João Gomes Wolves, 23, DMC",21(2),1733,3.5,0.7,1.9,-,0.7,1.5,0.1,-,6.67
9,"190Konstantinos MavropanosWest Ham, 26, D(CR)","Konstantinos Mavropanos West Ham, 26, D(CR)",9(3),901,1.6,1.4,0.8,0.3,4.6,0.1,0.5,1,6.67
0,"191Odsonne ÉdouardCrystal Palace, 26, AM(L),FW","Odsonne Édouard Crystal Palace, 26, AM(L),FW",17(4),1426,0.9,0.2,1.2,-,0.9,0.7,-,-,6.66
1,"192Teden MengiLuton, 21, D(C)","Teden Mengi Luton, 21, D(C)",17(2),1581,1.9,2.2,1.1,0.5,4.3,0.4,0.7,-,6.66
2,"193Giovani Lo CelsoTottenham, 27, M(CR),FW","Giovani Lo Celso Tottenham, 27, M(CR),FW",4(8),419,1.3,0.3,0.8,-,0.2,0.3,0.1,-,6.66
3,"194Josh BrownhillBurnley, 28, M(CR)","Josh Brownhill Burnley, 28, M(CR)",22(3),1986,1.9,1.2,1.2,-,1.3,0.3,0.3,-,6.66
4,"195Chris WoodNottingham Forest, 32, FW","Chris Wood Nottingham Forest, 32, FW",9(11),868,0.1,0.1,0.7,-,1.0,0.2,0.1,-,6.66
5,"196Moussa DiabyAston Villa, 24, M(CLR),FW","Moussa Diaby Aston Villa, 24, M(CLR),FW",18(9),1502,0.3,0.2,0.5,-,0.1,0.3,-,-,6.66
6,"197Danny WelbeckBrighton, 33, AM(CLR),FW","Danny Welbeck Brighton, 33, AM(CLR),FW",14(4),1008,0.9,0.3,0.4,0.1,0.8,0.3,-,-,6.65
7,"198Robert SánchezChelsea, 26, GK","Robert Sánchez Chelsea, 26, GK",16,1434,-,-,-,-,0.8,-,-,-,6.65
8,"199Luke ShawMan Utd, 28, D(CL),M(L)","Luke Shaw Man Utd, 28, D(CL),M(L)",12,965,0.9,0.5,1.2,0.1,3.1,0.5,0.9,-,6.65
9,"200Alisson BeckerLiverpool, 31, GK","Alisson Becker Liverpool, 31, GK",21,1890,-,-,-,-,0.9,-,-,-,6.65
0,"201Neal MaupayBrentford, 27, AM(C),FW","Neal Maupay Brentford, 27, AM(C),FW",12(10),1183,0.5,0.1,0.7,-,0.1,0.5,-,-,6.65
1,"202Luis SinisterraBournemouth, 24, AM(LR),FW","Luis Sinisterra Bournemouth, 24, AM(LR),FW",5(12),579,1.2,0.5,0.6,-,0.2,0.4,-,-,6.65
2,"203Raúl JiménezFulham, 32, FW","Raúl Jiménez Fulham, 32, FW",17(2),1252,0.7,0.2,0.7,-,0.6,0.6,0.1,-,6.65
3,"204Timothy CastagneFulham, 28, D(CLR),M(LR)","Timothy Castagne Fulham, 28, D(CLR),M(LR)",20(4),1847,1.5,1.3,0.7,0.3,1.8,0.5,0.3,-,6.65
4,"205Dominic Calvert-LewinEverton, 26, AM(L),FW","Dominic Calvert-Lewin Everton, 26, AM(L),FW",19(4),1566,0.4,0.1,0.8,-,1.1,0.4,0.1,-,6.64
5,"206Tyrick MitchellCrystal Palace, 24, D(L),M(L)","Tyrick Mitchell Crystal Palace, 24, D(L),M(L)",26,2259,2.8,0.8,0.5,0.3,2.6,0.4,0.3,-,6.64
6,"207Jack HinshelwoodBrighton, 18, D(R)","Jack Hinshelwood Brighton, 18, D(R)",8(4),871,1.2,1.2,0.9,0.2,1.3,0.7,0.2,-,6.63
7,"208Lyle FosterBurnley, 23, FW","Lyle Foster Burnley, 23, FW",13(1),1135,1.1,0.1,1.2,0.1,1.3,0.6,0.2,-,6.63
8,"209Sean LongstaffNewcastle, 26, DMC","Sean Longstaff Newcastle, 26, DMC",19(5),1806,1.5,0.4,0.5,-,0.7,1.2,0.2,-,6.63
9,"210Ben DaviesTottenham, 30, D(CL),M(L)","Ben Davies Tottenham, 30, D(CL),M(L)",11(5),999,1.3,0.6,0.3,0.8,2.1,0.2,0.9,-,6.63
0,"211Harry ToffoloNottingham Forest, 28, D(L),M(L)","Harry Toffolo Nottingham Forest, 28, D(L),M(L)",12(4),1148,1.3,0.7,0.9,-,2.1,0.4,0.7,-,6.63
1,"212Jordan PickfordEverton, 29, GK","Jordan Pickford Everton, 29, GK",27,2430,-,-,-,-,0.8,-,-,1,6.63
2,"213Sèrge AurierNottingham Forest, 31, D(CLR),M(R)","Sèrge Aurier Nottingham Forest, 31, D(CLR),M(R)",10(2),835,1.7,0.8,0.7,0.3,2.7,0.5,0.3,-,6.63
3,"214Adam WhartonCrystal Palace, 19, M(C)","Adam Wharton Crystal Palace, 19, M(C)",4(1),377,3,1.4,1,-,1.0,1.8,0.4,-,6.62
4,"215Jamaal LascellesNewcastle, 30, D(C)","Jamaal Lascelles Newcastle, 30, D(C)",12(3),1064,0.9,0.3,1.1,0.3,2.8,0.3,0.8,-,6.62
5,"216EdersonMan City, 30, GK","Ederson Man City, 30, GK",25,2168,-,-,-,-,0.4,-,-,-,6.62
6,"217Zeki AmdouniBurnley, 23, FW","Zeki Amdouni Burnley, 23, FW",25,1759,1,0.3,0.8,0.1,0.4,0.6,0.4,-,6.62
7,"218Idrissa GueyeEverton, 34, M(C)","Idrissa Gueye Everton, 34, M(C)",17(1),1311,2.9,1.1,1.6,-,0.6,0.9,0.2,-,6.62
8,"219Joe WillockNewcastle, 24, M(C)","Joe Willock Newcastle, 24, M(C)",2(3),223,1.4,0.2,0.2,-,0.2,1,-,-,6.62
9,"220Emerson RoyalTottenham, 25, D(CR),M(R)","Emerson Royal Tottenham, 25, D(CR),M(R)",9(9),953,1.7,1,0.6,0.4,2.2,0.9,0.4,-,6.61
0,"221Tom CairneyFulham, 33, M(CR)","Tom Cairney Fulham, 33, M(CR)",13(12),1212,0.8,0.5,0.5,-,0.2,0.5,0.1,-,6.61
1,"222Ibrahim SangaréNottingham Forest, 26, DMC","Ibrahim Sangaré Nottingham Forest, 26, DMC",11,828,2.9,0.9,1.5,0.1,1.5,1.1,0.5,-,6.61
2,"223Thomas KaminskiLuton, 31, GK","Thomas Kaminski Luton, 31, GK",26,2340,0.1,-,-,-,0.7,0.1,-,-,6.61
3,"224Elijah AdebayoLuton, 26, FW","Elijah Adebayo Luton, 26, FW",13(10),1161,-,0.2,1,-,1.0,0.4,-,-,6.61
4,"225Séamus ColemanEverton, 35, D(CR),M(R)","Séamus Coleman Everton, 35, D(CR),M(R)",2(3),234,1.6,0.6,0.2,0.2,2.0,0.6,0.4,-,6.61
5,"226Jack HarrisonEverton, 27, AM(CLR),FW","Jack Harrison Everton, 27, AM(CLR),FW",19(2),1675,1,0.4,0.6,-,0.8,1.1,-,-,6.61
6,"227Clément LengletAston Villa, 28, D(C)","Clément Lenglet Aston Villa, 28, D(C)",10,872,0.8,0.5,0.3,0.8,3.6,0.3,0.7,-,6.61
7,"228Kenny TeteFulham, 28, D(CR),M(R)","Kenny Tete Fulham, 28, D(CR),M(R)",8(2),675,2.1,1.6,1.1,0.3,2.7,0.8,0.3,-,6.61
8,"229Harry WilsonFulham, 26, AM(CLR)","Harry Wilson Fulham, 26, AM(CLR)",13(12),1323,0.8,0.4,0.7,-,0.3,0.5,0.1,-,6.6
9,"230Eddie NketiahArsenal, 24, FW","Eddie Nketiah Arsenal, 24, FW",10(14),1046,0.5,0.2,0.9,-,0.1,0.2,-,-,6.6
0,"231Michail AntonioWest Ham, 33, D(R),M(CLR),FW","Michail Antonio West Ham, 33, D(R),M(CLR),FW",12(3),923,0.5,0.1,1.1,-,0.1,0.1,0.2,-,6.6
1,"232Álex MorenoAston Villa, 30, D(L),M(L)","Álex Moreno Aston Villa, 30, D(L),M(L)",9(5),841,1.1,0.8,0.6,0.4,2.1,0.4,0.1,1,6.6
2,"233TotiWolves, 25, D(CL)","Toti Wolves, 25, D(CL)",21(3),1834,1.4,0.8,1.0,-,2.1,0.3,0.5,-,6.59
3,"234Curtis JonesLiverpool, 23, AM(CL)","Curtis Jones Liverpool, 23, AM(CL)",12(5),959,1.2,0.4,0.5,0.1,0.4,0.7,-,-,6.59
4,"235Ivan PerisicTottenham, 35, M(CLR),FW","Ivan Perisic Tottenham, 35, M(CLR),FW",0(5),99,0.6,0.4,0.4,-,0.2,0.4,-,-,6.59
5,"236Sven BotmanNewcastle, 24, D(C)","Sven Botman Newcastle, 24, D(C)",14(2),1288,1.2,0.4,0.5,0.4,3.3,0.3,1,1,6.59
6,"237Ben BreretonSheff Utd, 24, AM(LR),FW","Ben Brereton Sheff Utd, 24, AM(LR),FW",3,178,0.3,-,0.7,-,0.3,0.3,-,-,6.59
7,"238Reece BurkeLuton, 27, D(CR)","Reece Burke Luton, 27, D(CR)",10(2),857,1.3,0.8,0.9,0.2,3.3,0.7,0.5,-,6.59
8,"239Reece JamesChelsea, 24, D(CR),DMC,M(R)","Reece James Chelsea, 24, D(CR),DMC,M(R)",5(3),391,1.6,0.4,0.5,-,0.9,0.3,0.5,-,6.59
9,"240Mark FlekkenBrentford, 30, GK","Mark Flekken Brentford, 30, GK",26,2296,-,-,0.1,-,1.0,0.1,-,-,6.58
0,"241Lewis MileyNewcastle, 17, M(C)","Lewis Miley Newcastle, 17, M(C)",14(2),1198,2.1,0.5,0.3,-,1.0,1.1,0.2,-,6.58
1,"242Kurt ZoumaWest Ham, 29, D(CR)","Kurt Zouma West Ham, 29, D(CR)",23,2000,0.6,0.9,0.8,0.5,4.9,0.1,0.9,-,6.58
2,"243Vitaly JaneltBrentford, 25, D(L),DMC","Vitaly Janelt Brentford, 25, D(L),DMC",26(1),2162,1.6,0.7,0.6,0.1,1.3,0.9,0.2,-,6.58
3,"244Jurriën TimberArsenal, 22, D(CR)","Jurriën Timber Arsenal, 22, D(CR)",1,50,1,-,2,-,1.0,-,-,-,6.58
4,"245Raphaël VaraneMan Utd, 30, D(C)","Raphaël Varane Man Utd, 30, D(C)",12(5),1081,0.9,0.7,0.4,0.5,4.1,0.2,0.6,-,6.58
5,"246James HillBournemouth, 22, D(CR)","James Hill Bournemouth, 22, D(CR)",1(1),71,1.5,1,0.5,-,3.0,-,0.5,-,6.58
6,"247Dara O'SheaBurnley, 24, D(CR)","Dara O'Shea Burnley, 24, D(CR)",21(1),1928,0.9,1,1,0.8,5.0,0.2,1,1,6.57
7,"248David RayaArsenal, 28, GK","David Raya Arsenal, 28, GK",21,1890,-,-,-,-,0.5,-,-,-,6.57
8,"249Wilson OdobertBurnley, 19, AM(CL)","Wilson Odobert Burnley, 19, AM(CL)",13(4),1082,0.8,0.2,0.3,-,0.4,0.6,0.1,-,6.57
9,"250Harvey ElliottLiverpool, 20, AM(CR)","Harvey Elliott Liverpool, 20, AM(CR)",5(18),736,0.7,0.2,0.2,-,0.2,0.5,-,-,6.57
0,"251Jakub KiwiorArsenal, 24, D(CL),DMC","Jakub Kiwior Arsenal, 24, D(CL),DMC",7(7),619,1.1,0.4,0.6,0.2,1.5,0.2,0.1,-,6.57
1,"252Nathan CollinsBrentford, 22, D(CR)","Nathan Collins Brentford, 22, D(CR)",19(3),1750,1.0,1.5,0.4,0.4,4.3,0.4,0.7,-,6.57
2,"253Santiago BuenoWolves, 25, D(C)","Santiago Bueno Wolves, 25, D(C)",2(1),200,1.3,0.7,0.7,0.3,5.3,0.3,0.7,-,6.56
3,"254Chris RichardsCrystal Palace, 23, D(C),DMC","Chris Richards Crystal Palace, 23, D(C),DMC",15(3),1372,1.9,1.1,0.6,0.1,3.9,0.3,0.5,-,6.56
4,"255Alex ScottBournemouth, 20, M(CR)","Alex Scott Bournemouth, 20, M(CR)",6(6),583,1.3,0.9,0.9,-,0.9,0.6,0.3,-,6.56
5,"256Youri TielemansAston Villa, 26, M(C)","Youri Tielemans Aston Villa, 26, M(C)",9(14),995,1.0,0.4,0.5,-,0.1,0.7,-,-,6.56
6,"257Marc GuéhiCrystal Palace, 23, D(C)","Marc Guéhi Crystal Palace, 23, D(C)",22,1915,1.2,0.8,0.6,0.8,3.9,0.5,0.8,-,6.56
7,"258Jean-Philippe MatetaCrystal Palace, 26, FW","Jean-Philippe Mateta Crystal Palace, 26, FW",14(10),1420,0.5,0.1,1,-,0.3,0.1,0.1,-,6.55
8,"259Wataru EndoLiverpool, 31, DMC","Wataru Endo Liverpool, 31, DMC",11(8),1002,1.4,0.5,1.5,-,0.9,1.3,0.1,-,6.55
9,"260Alex IwobiEverton, 27, M(CLR)","Alex Iwobi Everton, 27, M(CLR)",2,140,1.0,0.5,-,-,-,0.5,-,-,6.55
0,"261Facundo BuonanotteBrighton, 19, AM(CR)","Facundo Buonanotte Brighton, 19, AM(CR)",12(7),949,1.6,0.3,1.3,-,0.2,0.9,0.2,-,6.55
1,"262Jonny EvansMan Utd, 36, D(CL)","Jonny Evans Man Utd, 36, D(CL)",10(6),931,0.6,0.8,0.8,0.3,3.4,0.4,0.5,-,6.55
2,"263Elliot AndersonNewcastle, 21, AM(CL)","Elliot Anderson Newcastle, 21, AM(CL)",4(6),410,0.8,0.2,0.6,-,0.6,0.6,0.3,-,6.54
3,"264José SáWolves, 31, GK","José Sá Wolves, 31, GK",25,2139,-,-,-,-,0.8,-,-,-,6.54
4,"265Oscar BobbMan City, 20, Midfielder","Oscar Bobb Man City, 20, Midfielder",1(7),176,0.4,0.1,0.1,-,0.1,0.1,-,-,6.54
5,"266Ben MeeBrentford, 34, D(CL)","Ben Mee Brentford, 34, D(CL)",15(1),1276,1.6,0.8,0.4,0.2,3.6,0.3,0.8,-,6.54
6,"267Jeffrey SchluppCrystal Palace, 31, D(L),M(CLR)","Jeffrey Schlupp Crystal Palace, 31, D(L),M(CLR)",17(3),1236,1.8,0.4,1.1,-,0.9,0.4,0.1,-,6.54
7,"268Jarell QuansahLiverpool, 21, D(C)","Jarell Quansah Liverpool, 21, D(C)",5(3),443,0.9,0.6,0.9,0.4,2,0.1,0.1,-,6.54
8,"269John StonesMan City, 29, D(CR),DMC","John Stones Man City, 29, D(CR),DMC",9(3),773,0.2,0.7,0.3,0.5,1.4,0.3,0.4,-,6.54
9,"270David Datro FofanaBurnley, 21, FW","David Datro Fofana Burnley, 21, FW",3(2),328,0.4,-,1.2,-,-,0.4,0.2,-,6.54
0,"271Mateo KovacicMan City, 29, M(CL)","Mateo Kovacic Man City, 29, M(CL)",10(9),947,1.1,0.1,0.6,0.1,0.4,0.3,-,-,6.53
1,"272Sandro TonaliNewcastle, 23, DMC","Sandro Tonali Newcastle, 23, DMC",5(3),439,0.9,0.3,1.1,-,0.5,0.8,-,-,6.53
2,"273Mykhailo MudrykChelsea, 23, AM(L)","Mykhailo Mudryk Chelsea, 23, AM(L)",9(11),890,0.9,0.2,0.8,0.1,0.1,0.8,0.1,-,6.53
3,"274Philip BillingBournemouth, 27, M(C),FW","Philip Billing Bournemouth, 27, M(C),FW",12(8),1203,1.4,0.8,0.8,-,1.3,0.8,0.3,-,6.52
4,"275Sander BergeBurnley, 26, M(C)","Sander Berge Burnley, 26, M(C)",22(3),1929,1.9,0.7,1.2,0.1,1.8,0.8,0.6,-,6.52
5,"276Gustavo HamerSheff Utd, 26, D(R),M(C)","Gustavo Hamer Sheff Utd, 26, D(R),M(C)",22(2),1895,1.4,0.7,1.3,-,1.0,1.4,0.1,-,6.52
6,"277Igor JulioBrighton, 26, D(CL),M(L)","Igor Julio Brighton, 26, D(CL),M(L)",11(4),989,1.1,0.6,1.1,0.4,1.6,0.5,0.4,-,6.52
7,"278Charlie TaylorBurnley, 30, D(CL),M(L)","Charlie Taylor Burnley, 30, D(CL),M(L)",17(1),1543,1.5,0.8,0.9,0.2,2.7,0.8,0.4,-,6.52
8,"279Takehiro TomiyasuArsenal, 25, D(CLR)","Takehiro Tomiyasu Arsenal, 25, D(CLR)",5(8),631,0.8,0.8,0.5,0.2,1.4,0.2,0.1,-,6.52
9,"280Frank OnyekaBrentford, 26, DMC","Frank Onyeka Brentford, 26, DMC",9(11),1003,1.7,1.0,1.1,-,0.7,0.5,0.3,-,6.52
0,"281Illia ZabarnyiBournemouth, 21, D(C)","Illia Zabarnyi Bournemouth, 21, D(C)",25,2250,1.6,1.1,0.8,0.2,3.5,0.8,0.9,-,6.52
1,"282Issa DiopFulham, 27, D(C)","Issa Diop Fulham, 27, D(C)",13(2),1156,1.5,0.8,0.8,0.8,4.2,0.3,0.9,-,6.52
2,"283Kevin SchadeBrentford, 22, AM(LR)","Kevin Schade Brentford, 22, AM(LR)",3(2),258,0.4,0.2,1.4,-,0.6,0.6,-,-,6.51
3,"284Jóhann GudmundssonBurnley, 33, M(CLR)","Jóhann Gudmundsson Burnley, 33, M(CLR)",12(6),1055,0.7,0.8,0.4,-,0.8,0.4,-,-,6.51
4,"285AntonyMan Utd, 24, AM(R)","Antony Man Utd, 24, AM(R)",11(9),931,1.4,0.4,0.6,-,0.2,0.7,0.1,-,6.51
5,"286Cameron ArcherSheff Utd, 22, FW","Cameron Archer Sheff Utd, 22, FW",16(5),1451,0.7,-,0.6,-,0.4,0.4,0.1,-,6.51
6,"287Gonzalo MontielNottingham Forest, 27, D(CR),M(R)","Gonzalo Montiel Nottingham Forest, 27, D(CR),M(R)",5(4),499,1.6,0.7,0.6,0.1,3.0,0.9,0.2,-,6.51
7,"288Amari'i BellLuton, 29, D(CL),M(L)","Amari'i Bell Luton, 29, D(CL),M(L)",21,1722,2.4,1.2,1,0.3,2.6,0.6,0.7,-,6.5
8,"289Bart VerbruggenBrighton, 21, GK","Bart Verbruggen Brighton, 21, GK",12,1080,0.1,-,-,-,0.4,-,-,-,6.5
9,"290Evan FergusonBrighton, 19, FW","Evan Ferguson Brighton, 19, FW",14(11),1299,0.5,0.1,0.9,-,0.2,0.4,0.1,-,6.5
0,"291Fábio VieiraArsenal, 23, AM(CR),FW","Fábio Vieira Arsenal, 23, AM(CR),FW",2(6),238,0.4,0.3,0.8,-,0.1,-,-,-,6.5
1,"292Diego CarlosAston Villa, 30, D(C)","Diego Carlos Aston Villa, 30, D(C)",13(4),1158,0.9,0.6,0.6,1.4,2.8,0.4,0.5,-,6.5
2,"293Matheus NunesMan City, 25, M(CLR)","Matheus Nunes Man City, 25, M(CLR)",6(5),504,0.7,-,0.5,-,0.6,0.5,0.1,-,6.49
3,"294Matt TurnerNottingham Forest, 29, GK","Matt Turner Nottingham Forest, 29, GK",17,1530,-,-,-,-,0.8,-,-,-,6.49
4,"295James MilnerBrighton, 38, D(LR),M(CLR)","James Milner Brighton, 38, D(LR),M(CLR)",11(4),779,1.3,0.5,0.7,0.3,0.9,0.3,-,-,6.49
5,"296Ben ChilwellChelsea, 27, D(L),M(L)","Ben Chilwell Chelsea, 27, D(L),M(L)",9(3),748,1.3,0.3,0.9,-,1.4,0.3,0.3,-,6.49
6,"297Dango OuattaraBournemouth, 22, M(LR)","Dango Ouattara Bournemouth, 22, M(LR)",5(12),529,1.5,0.5,0.3,0.1,0.9,0.5,0.1,-,6.49
7,"298Joel WardCrystal Palace, 34, D(CLR),DMC,M(R)","Joel Ward Crystal Palace, 34, D(CLR),DMC,M(R)",19,1606,1.9,0.4,0.9,0.2,3.3,0.8,0.4,1,6.48
8,"299Mads AndersenLuton, 26, D(C)","Mads Andersen Luton, 26, D(C)",4(4),399,0.8,1,0.8,0.1,3.6,-,0.8,-,6.48
9,"300Jayden BogleSheff Utd, 23, D(R),M(R)","Jayden Bogle Sheff Utd, 23, D(R),M(R)",20(2),1762,2,1.1,1.2,0.3,2.9,1.2,0.5,-,6.48
0,"301Saïd BenrahmaWest Ham, 28, AM(CLR)","Saïd Benrahma West Ham, 28, AM(CLR)",5(8),617,0.6,0.4,0.4,0.1,0.4,0.8,-,-,6.48
1,"302Ola AinaNottingham Forest, 27, D(CLR),M(LR)","Ola Aina Nottingham Forest, 27, D(CLR),M(LR)",12(2),995,1.9,0.6,0.9,0.1,2.1,0.4,0.2,-,6.48
2,"303Dan BentleyWolves, 30, GK","Dan Bentley Wolves, 30, GK",2(2),292,-,-,-,-,0.8,-,-,-,6.48
3,"304Noni MaduekeChelsea, 21, AM(R),FW","Noni Madueke Chelsea, 21, AM(R),FW",4(8),347,0.6,0.1,0.6,-,0.5,0.7,-,-,6.48
4,"305Lukasz FabianskiWest Ham, 38, GK","Lukasz Fabianski West Ham, 38, GK",3(2),316,0.2,0.2,-,-,0.8,-,-,-,6.47
5,"306Ryan GravenberchLiverpool, 21, DMC","Ryan Gravenberch Liverpool, 21, DMC",9(10),845,1.1,0.6,0.8,0.1,0.6,0.7,0.1,-,6.47
6,"307Tino LivramentoNewcastle, 21, D(LR)","Tino Livramento Newcastle, 21, D(LR)",7(13),878,0.8,0.8,0.2,0.1,1.4,0.5,0.3,-,6.47
7,"308Davinson SánchezTottenham, 27, D(C)","Davinson Sánchez Tottenham, 27, D(C)",0(1),76,-,1,2,-,2.0,-,2,-,6.47
8,"309Jacob RamseyAston Villa, 22, AM(CLR)","Jacob Ramsey Aston Villa, 22, AM(CLR)",8(8),852,1,0.2,0.4,0.1,0.4,0.6,0.1,-,6.47
9,"310Angelo OgbonnaWest Ham, 35, D(C)","Angelo Ogbonna West Ham, 35, D(C)",3(4),319,0.4,0.3,-,-,2.6,-,1.1,-,6.47
0,"311Will HughesCrystal Palace, 28, M(CLR)","Will Hughes Crystal Palace, 28, M(CLR)",15(5),1308,2.0,0.6,1.3,-,0.9,0.8,0.5,-,6.46
1,"312Sam JohnstoneCrystal Palace, 30, GK","Sam Johnstone Crystal Palace, 30, GK",19,1707,0.1,0.1,0.1,-,0.7,-,-,-,6.46
2,"313Bobby De Cordova-ReidFulham, 31, D(R),M(CLR),FW","Bobby De Cordova-Reid Fulham, 31, D(R),M(CLR),FW",14(10),1168,0.7,0.1,0.5,-,0.4,0.3,0.1,-,6.46
3,"314Issa KaboréLuton, 22, D(R),M(R)","Issa Kaboré Luton, 22, D(R),M(R)",14(3),1159,2.1,0.7,1.4,-,1.6,0.8,0.3,-,6.46
4,"315George BaldockSheff Utd, 30, D(CR),M(R)","George Baldock Sheff Utd, 30, D(CR),M(R)",10(1),835,1.5,0.8,1.5,0.2,2.3,0.7,0.7,-,6.46
5,"316Orel MangalaNottingham Forest, 25, M(C)","Orel Mangala Nottingham Forest, 25, M(C)",19(1),1571,1.4,1.3,1.2,-,1.4,0.8,0.3,-,6.45
6,"317Adam SmithBournemouth, 32, D(LR),M(LR)","Adam Smith Bournemouth, 32, D(LR),M(LR)",13(3),1187,1.1,0.8,0.9,0.2,1.5,0.6,0.4,-,6.45
7,"318Jacob BrownLuton, 25, M(CLR),FW","Jacob Brown Luton, 25, M(CLR),FW",12(7),1020,1.0,0.4,1.0,0.1,0.9,0.6,0.1,-,6.45
8,"319Luca KoleoshoBurnley, 19, AM(L)","Luca Koleosho Burnley, 19, AM(L)",13(2),984,0.5,0.1,1.2,0.1,-,0.5,-,-,6.45
9,"320Harvey BarnesNewcastle, 26, AM(CL)","Harvey Barnes Newcastle, 26, AM(CL)",3(8),356,0.3,0.2,0.2,-,0.1,0.1,-,-,6.45
0,"321Mads RoerslevBrentford, 24, D(R),M(R)","Mads Roerslev Brentford, 24, D(R),M(R)",15(8),1326,1.3,0.6,0.4,-,2.0,0.9,0.1,-,6.45
1,"322Victor LindelöfMan Utd, 29, D(CR)","Victor Lindelöf Man Utd, 29, D(CR)",11(5),1084,0.8,0.6,0.6,0.3,1.7,0.4,0.5,-,6.44
2,"323Max LoweSheff Utd, 26, D(LR),M(L)","Max Lowe Sheff Utd, 26, D(LR),M(L)",3(5),397,2.5,0.6,0.8,0.4,1.5,0.9,0.4,-,6.44
3,"324Josh CullenBurnley, 27, DMC","Josh Cullen Burnley, 27, DMC",11(2),989,1.5,0.5,1.1,-,1.0,0.7,0.8,-,6.44
4,"325Justin KluivertBournemouth, 24, AM(CLR),FW","Justin Kluivert Bournemouth, 24, AM(CLR),FW",15(5),1103,1.1,0.3,1.6,-,0.4,0.8,-,-,6.44
5,"326Benoît BadiashileChelsea, 22, D(C)","Benoît Badiashile Chelsea, 22, D(C)",6(2),559,1.6,0.6,0.6,0.4,3.8,0.5,0.5,-,6.44
6,"327Calvin BasseyFulham, 24, D(CL)","Calvin Bassey Fulham, 24, D(CL)",14(4),1312,1.4,1.2,0.6,0.4,2.3,0.2,0.4,-,6.43
7,"328Christopher NkunkuChelsea, 26, M(CLR),FW","Christopher Nkunku Chelsea, 26, M(CLR),FW",2(5),318,0.3,0.3,0.9,0.1,0.4,-,-,-,6.43
8,"329Joël VeltmanBrighton, 32, D(CR),M(R)","Joël Veltman Brighton, 32, D(CR),M(R)",10(9),1035,1.6,0.7,0.6,0.2,1.9,0.7,0.4,-,6.43
9,"330Billy GilmourBrighton, 22, DMC","Billy Gilmour Brighton, 22, DMC",20(5),1782,0.8,0.3,0.7,-,0.6,0.8,0.3,-,6.43
0,"331James McAteeSheff Utd, 21, AM(CR)","James McAtee Sheff Utd, 21, AM(CR)",17(4),1509,1.3,0.4,0.5,-,0.5,0.7,-,-,6.43
1,"332Yasser LarouciSheff Utd, 23, D(L),M(L)","Yasser Larouci Sheff Utd, 23, D(L),M(L)",4(5),421,1.7,0.8,0.6,-,2,0.3,0.1,-,6.43
2,"333Sergio ReguilónMan Utd, 27, D(L),M(L)","Sergio Reguilón Man Utd, 27, D(L),M(L)",4(5),412,1.4,0.6,0.4,0.2,0.6,1.0,-,-,6.42
3,"334Ryan YatesNottingham Forest, 26, DMC","Ryan Yates Nottingham Forest, 26, DMC",12(12),1251,1.8,0.6,1.8,-,1.1,0.4,0.5,-,6.42
4,"335Kristoffer AjerBrentford, 25, D(CR),DMC","Kristoffer Ajer Brentford, 25, D(CR),DMC",12(7),1116,1.2,0.8,0.8,0.4,2.5,0.5,0.3,-,6.42
5,"336Lisandro MartínezMan Utd, 26, D(CL),DMC","Lisandro Martínez Man Utd, 26, D(CL),DMC",7(1),562,1.4,0.5,0.5,0.3,2.3,0.9,0.9,1,6.42
6,"337Nathan PattersonEverton, 22, D(R),M(R)","Nathan Patterson Everton, 22, D(R),M(R)",9(10),955,1.7,0.5,0.9,0.1,1.4,1.2,0.2,-,6.41
7,"338Adam WebsterBrighton, 29, D(C)","Adam Webster Brighton, 29, D(C)",9(1),768,1.1,0.9,0.6,0.3,2.9,0.9,0.4,1,6.41
8,"339Philippe CoutinhoAston Villa, 31, M(CLR)","Philippe Coutinho Aston Villa, 31, M(CLR)",0(2),24,-,-,-,-,-,0.5,-,-,6.41
9,"340Keane Lewis-PotterBrentford, 23, M(CLR),FW","Keane Lewis-Potter Brentford, 23, M(CLR),FW",9(11),914,0.8,0.3,0.3,0.1,0.4,0.2,0.1,-,6.41
0,"341Tariq LampteyBrighton, 23, D(LR),M(R)","Tariq Lamptey Brighton, 23, D(LR),M(R)",7(5),565,0.8,0.4,0.6,0.3,0.1,0.7,0.2,-,6.41
1,"342Nayef AguerdWest Ham, 27, D(C)","Nayef Aguerd West Ham, 27, D(C)",19,1687,1.2,0.8,0.5,0.4,4,0.2,1.1,-,6.41
2,"343Rico LewisMan City, 19, D(R),M(C)","Rico Lewis Man City, 19, D(R),M(C)",5(5),455,0.5,0.4,0.4,0.1,0.2,0.2,0.1,-,6.41
3,"344Tim ReamFulham, 36, D(CL),DMC","Tim Ream Fulham, 36, D(CL),DMC",16(1),1415,1.1,1.5,0.5,0.9,3.2,0.5,0.9,-,6.4
4,"345Christian EriksenMan Utd, 32, M(CLR),FW","Christian Eriksen Man Utd, 32, M(CLR),FW",9(7),886,0.9,0.2,0.4,0.1,0.6,1.2,0.3,-,6.4
5,"346Moussa NiakhatéNottingham Forest, 27, D(CL)","Moussa Niakhaté Nottingham Forest, 27, D(CL)",12(4),1160,2.1,0.6,0.5,0.2,2.5,0.3,0.6,-,6.4
6,"347Andros TownsendLuton, 32, AM(CLR),FW","Andros Townsend Luton, 32, AM(CLR),FW",10(7),839,0.9,0.2,0.6,-,0.2,0.6,-,-,6.4
7,"348Hannibal MejbriMan Utd, 21, AM(C)","Hannibal Mejbri Man Utd, 21, AM(C)",1(4),130,0.6,-,1.0,-,-,0.4,0.2,-,6.39
8,"349DaniloNottingham Forest, 22, M(C)","Danilo Nottingham Forest, 22, M(C)",11(9),1066,1.0,0.9,0.4,0.1,1.3,0.9,0.3,-,6.39
9,"350Andrew OmobamideleNottingham Forest, 21, D(C)","Andrew Omobamidele Nottingham Forest, 21, D(C)",4(2),406,1.3,1.3,0.5,0.2,4.8,0.5,0.8,-,6.39
0,"351Milos KerkezBournemouth, 20, D(L),M(L)","Milos Kerkez Bournemouth, 20, D(L),M(L)",14(5),1316,1.8,0.6,0.9,0.1,2.1,0.5,0.4,1,6.38
1,"352Rodrigo BentancurTottenham, 26, M(C)","Rodrigo Bentancur Tottenham, 26, M(C)",7(4),491,1,0.5,0.7,-,1.0,0.6,0.2,-,6.38
2,"353Sofyan AmrabatMan Utd, 27, D(L),DMC","Sofyan Amrabat Man Utd, 27, D(L),DMC",7(5),617,1.8,0.4,1.2,-,1.0,0.8,0.3,-,6.37
3,"354Nuno TavaresNottingham Forest, 24, D(L),M(L)","Nuno Tavares Nottingham Forest, 24, D(L),M(L)",5(2),454,1.4,0.1,1.1,0.1,1.9,0.1,-,-,6.37
4,"355Nathaniel ClyneCrystal Palace, 32, D(LR),M(R)","Nathaniel Clyne Crystal Palace, 32, D(LR),M(R)",7(3),717,1.5,0.4,0.2,0.2,1.8,0.3,0.2,-,6.37
5,"356Carlos BalebaBrighton, 20, DMC","Carlos Baleba Brighton, 20, DMC",8(8),676,1.7,0.8,1.4,-,1.1,0.8,0.3,-,6.37
6,"357Oliver NorwoodSheff Utd, 32, M(C)","Oliver Norwood Sheff Utd, 32, M(C)",15(7),1377,1.8,0.9,0.7,-,1.6,1.1,0.3,-,6.37
7,"358Aymeric LaporteMan City, 29, D(CL)","Aymeric Laporte Man City, 29, D(CL)",0(1),11,-,-,-,-,1.0,-,1,-,6.37
8,"359Daiki HashiokaLuton, 24, D(R),M(R)","Daiki Hashioka Luton, 24, D(R),M(R)",0(1),37,1,-,-,-,1.0,-,-,-,6.37
9,"360Marvelous NakambaLuton, 30, DMC","Marvelous Nakamba Luton, 30, DMC",13,1133,3.1,0.8,1.8,0.2,0.8,1.4,0.5,-,6.37
0,"361Lorenz AssignonBurnley, 23, D(R)","Lorenz Assignon Burnley, 23, D(R)",4,350,3.0,0.8,2,0.5,2.8,0.5,0.5,-,6.37
1,"362Mason MountMan Utd, 25, M(CLR)","Mason Mount Man Utd, 25, M(CLR)",4(4),401,2.0,0.4,0.9,-,0.1,1.1,0.1,-,6.37
2,"363Pierre-Emile HøjbjergTottenham, 28, M(C)","Pierre-Emile Højbjerg Tottenham, 28, M(C)",6(19),978,0.9,0.5,0.6,0.1,0.9,0.7,0.3,-,6.36
3,"364Jay RodríguezBurnley, 34, AM(CLR),FW","Jay Rodríguez Burnley, 34, AM(CLR),FW",7(8),726,0.8,0.1,0.9,-,0.5,0.3,0.1,-,6.36
4,"365Jean-Ricner BellegardeWolves, 25, M(CLR)","Jean-Ricner Bellegarde Wolves, 25, M(CLR)",8(10),789,0.8,0.4,0.5,-,0.7,0.4,0.1,-,6.36
5,"366André GomesEverton, 30, M(CLR)","André Gomes Everton, 30, M(CLR)",1(3),168,0.3,0.3,2,-,-,0.3,-,-,6.36
6,"367Anel AhmedhodzicSheff Utd, 24, D(C)","Anel Ahmedhodzic Sheff Utd, 24, D(C)",19(1),1755,2.2,1.1,1.3,0.4,4.3,0.7,0.9,-,6.36
7,"368Ashley YoungEverton, 38, D(LR),M(LR)","Ashley Young Everton, 38, D(LR),M(LR)",19(1),1522,1.5,0.8,1.2,0.1,1.5,0.9,0.3,1,6.36
8,"369Auston TrustySheff Utd, 25, D(CL)","Auston Trusty Sheff Utd, 25, D(CL)",17(3),1593,1.8,0.8,0.6,0.5,4.7,0.8,0.7,-,6.35
9,"370Owen BeckLiverpool, 21, D(L),M(L)","Owen Beck Liverpool, 21, D(L),M(L)",0(1),7,2.0,-,-,-,-,-,-,-,6.35
0,"371Sasa KalajdzicWolves, 26, FW","Sasa Kalajdzic Wolves, 26, FW",1(10),159,0.5,0.1,0.5,-,0.5,0.1,-,-,6.35
1,"372Chris BashamSheff Utd, 35, D(CR),M(CR)","Chris Basham Sheff Utd, 35, D(CR),M(CR)",3(5),319,0.9,0.6,0.4,0.3,2.1,0.9,0.5,-,6.35
2,"373Mikkel DamsgaardBrentford, 23, AM(CL)","Mikkel Damsgaard Brentford, 23, AM(CL)",2(11),352,1.1,0.5,0.5,-,0.2,1.1,0.1,-,6.35
3,"374Wes FoderinghamSheff Utd, 33, GK","Wes Foderingham Sheff Utd, 33, GK",24(1),2198,0.1,-,-,-,0.8,-,-,1,6.34
4,"375BetoEverton, 26, FW","Beto Everton, 26, FW",6(16),676,0.5,-,0.8,-,0.4,0.3,-,-,6.34
5,"376Jack RobinsonSheff Utd, 30, D(CL),M(L)","Jack Robinson Sheff Utd, 30, D(CL),M(L)",23(2),2143,1.2,0.9,0.6,0.4,4.1,0.4,0.9,2,6.34
6,"377Michael KeaneEverton, 31, D(CR)","Michael Keane Everton, 31, D(CR)",4(3),404,1.0,0.7,0.6,0.4,2.6,0.7,0.6,-,6.33
7,"378Max AaronsBournemouth, 24, D(R)","Max Aarons Bournemouth, 24, D(R)",12(2),1084,2.0,0.4,0.8,0.2,1.2,0.8,0.4,-,6.33
8,"379Tommy DoyleWolves, 22, AM(C)","Tommy Doyle Wolves, 22, AM(C)",6(12),727,0.9,0.4,0.3,-,0.6,0.2,0.3,-,6.33
9,"380Matt DohertyWolves, 32, D(LR),M(LR)","Matt Doherty Wolves, 32, D(LR),M(LR)",3(17),572,0.7,0.2,0.5,-,1.0,0.3,0.1,-,6.33
0,"381Amad DialloMan Utd, 21, AM(CR)","Amad Diallo Man Utd, 21, AM(CR)",0(2),46,1.5,-,-,-,-,-,-,-,6.33
1,"382Armando BrojaChelsea, 22, FW","Armando Broja Chelsea, 22, FW",6(7),455,0.2,-,0.3,-,0.2,0.1,0.1,-,6.32
2,"383JorginhoArsenal, 32, DMC","Jorginho Arsenal, 32, DMC",6(10),594,1.0,0.4,0.3,-,0.3,0.6,0.1,-,6.32
3,"384Lloyd KellyBournemouth, 25, D(CL)","Lloyd Kelly Bournemouth, 25, D(CL)",12(2),1015,1.4,0.5,0.9,0.2,2.3,0.6,0.5,-,6.32
4,"385Anthony MartialMan Utd, 28, AM(LR),FW","Anthony Martial Man Utd, 28, AM(LR),FW",5(8),445,0.3,-,0.2,-,0.2,-,-,-,6.32
5,"386Carney ChukwuemekaChelsea, 20, AM(C)","Carney Chukwuemeka Chelsea, 20, AM(C)",2(3),170,0.4,-,0.4,-,-,0.2,0.2,-,6.32
6,"387Emile Smith RoweArsenal, 23, AM(CL)","Emile Smith Rowe Arsenal, 23, AM(CL)",2(8),230,0.3,0.1,0.4,-,-,0.2,0.1,-,6.32
7,"388Brennan JohnsonNottingham Forest, 22, AM(CLR),FW","Brennan Johnson Nottingham Forest, 22, AM(CLR),FW",3,240,1.3,-,0.3,-,-,0.7,0.3,-,6.32
8,"389Mahmoud DahoudBrighton, 28, M(C)","Mahmoud Dahoud Brighton, 28, M(C)",6(3),454,1.0,0.1,0.7,-,0.4,0.7,0.1,-,6.32
9,"390Aaron HickeyBrentford, 21, D(LR),M(LR)","Aaron Hickey Brentford, 21, D(LR),M(LR)",9,720,1.8,0.3,1.1,0.1,1.1,-,0.3,-,6.31
0,"391Aaron RamsdaleArsenal, 25, GK","Aaron Ramsdale Arsenal, 25, GK",5,450,-,-,-,-,0.6,-,-,-,6.31
1,"392Facundo PellistriMan Utd, 22, AM(R)","Facundo Pellistri Man Utd, 22, AM(R)",1(8),165,0.6,0.1,0.4,-,0.6,0.2,0.1,-,6.31
2,"393Emil KrafthNewcastle, 29, D(CR)","Emil Krafth Newcastle, 29, D(CR)",0(6),84,0.5,-,0.2,-,-,-,-,-,6.31
3,"394Harrison ReedFulham, 29, D(R),M(CR)","Harrison Reed Fulham, 29, D(R),M(CR)",12(9),1075,1,0.4,0.9,-,0.9,0.7,0.4,-,6.31
4,"395Jesurun Rak-SakyiCrystal Palace, 21, AM(R)","Jesurun Rak-Sakyi Crystal Palace, 21, AM(R)",0(6),133,0.7,0.5,0.2,-,0.2,0.2,-,-,6.31
5,"396Michael ObafemiBurnley, 23, FW","Michael Obafemi Burnley, 23, FW",0(2),19,-,-,-,-,-,-,-,-,6.31
6,"397Shandon BaptisteBrentford, 25, AM(C)","Shandon Baptiste Brentford, 25, AM(C)",2(7),215,0.4,0.3,0.2,-,0.6,0.4,0.1,-,6.3
7,"398Hamed TraorèBournemouth, 24, AM(CLR)","Hamed Traorè Bournemouth, 24, AM(CLR)",0(3),45,0.3,-,-,-,-,0.7,-,-,6.3
8,"399Loris KariusNewcastle, 30, GK","Loris Karius Newcastle, 30, GK",1,90,-,-,-,-,1,-,-,-,6.29
9,"400Stefan OrtegaMan City, 31, GK","Stefan Ortega Man City, 31, GK",1(1),172,-,-,-,-,-,-,-,-,6.29
0,"401Joe WorrallNottingham Forest, 27, D(C)","Joe Worrall Nottingham Forest, 27, D(C)",5(2),440,1,0.4,0.4,0.6,4.4,0.4,0.6,-,6.28
1,"402Ansu FatiBrighton, 21, AM(L),FW","Ansu Fati Brighton, 21, AM(L),FW",2(12),413,0.2,0.1,0.4,-,0.1,0.5,-,-,6.28
2,"403Lewis DobbinEverton, 21, AM(CLR)","Lewis Dobbin Everton, 21, AM(CLR)",1(9),177,0.6,0.1,0.2,-,-,0.4,0.1,-,6.28
3,"404Jhon DuránAston Villa, 20, FW","Jhon Durán Aston Villa, 20, FW",0(14),174,0.2,-,0.6,0.1,0.4,0.2,-,-,6.28
4,"405Jason SteeleBrighton, 33, GK","Jason Steele Brighton, 33, GK",15,1350,-,-,-,-,0.6,0.2,-,-,6.28
5,"406Tahith ChongLuton, 24, AM(CLR),FW","Tahith Chong Luton, 24, AM(CLR),FW",9(12),1028,1,0.2,0.5,-,0.1,0.4,0.1,-,6.28
6,"407Robin OlsenAston Villa, 34, GK","Robin Olsen Aston Villa, 34, GK",1,90,-,-,-,-,-,-,-,-,6.28
7,"408Sergio GómezMan City, 23, D(L)","Sergio Gómez Man City, 23, D(L)",0(3),18,-,0.3,0.3,-,-,-,-,-,6.28
8,"409David BrooksBournemouth, 26, AM(CR)","David Brooks Bournemouth, 26, AM(CR)",2(11),273,0.4,0.2,0.5,-,0.2,0.2,-,-,6.28
9,"410Ryan GilesLuton, 24, D(L),M(LR)","Ryan Giles Luton, 24, D(L),M(LR)",5(6),501,0.7,0.4,0.2,0.1,1.8,0.5,-,-,6.28
0,"411Hugo BuenoWolves, 21, D(L)","Hugo Bueno Wolves, 21, D(L)",4(10),425,1.2,0.3,0.4,0.1,0.9,0.4,0.1,1,6.27
1,"412Kalvin PhillipsMan City, 28, D(C),DMC","Kalvin Phillips Man City, 28, D(C),DMC",0(4),89,0.8,0.5,0.8,-,0.5,-,-,-,6.27
2,"413Adama TraoréFulham, 28, M(CLR),FW","Adama Traoré Fulham, 28, M(CLR),FW",0(8),80,0.1,-,0.3,-,0.1,0.1,-,-,6.27
3,"414Saman GhoddosBrentford, 30, M(CLR),FW","Saman Ghoddos Brentford, 30, M(CLR),FW",7(9),699,1.6,0.3,0.7,0.1,0.5,0.7,0.1,-,6.27
4,"415Yehor YarmoliukBrentford, 20, M(C)","Yehor Yarmoliuk Brentford, 20, M(C)",4(12),420,0.6,0.1,0.4,-,0.2,0.2,0.1,-,6.27
5,"416Luke ThomasSheff Utd, 22, D(L),M(L)","Luke Thomas Sheff Utd, 22, D(L),M(L)",11(1),920,1.7,0.8,0.8,0.2,1.8,0.5,0.4,-,6.26
6,"417Roméo LaviaChelsea, 20, DMC","Roméo Lavia Chelsea, 20, DMC",0(1),32,1.0,-,1,-,1,-,-,-,6.26
7,"418Fodé Ballo-TouréFulham, 27, D(L),M(L)","Fodé Ballo-Touré Fulham, 27, D(L),M(L)",0(5),55,0.6,0.6,0.4,0.2,0.4,-,-,-,6.26
8,"419Giovanni ReynaNottingham Forest, 21, AM(CLR)","Giovanni Reyna Nottingham Forest, 21, AM(CLR)",0(3),38,0.3,0.3,0.3,-,-,-,-,-,6.25
9,"420Jadon SanchoMan Utd, 23, AM(CLR)","Jadon Sancho Man Utd, 23, AM(CLR)",0(3),77,0.3,0.3,-,-,-,0.7,-,-,6.25
0,"421Omari ForsonMan Utd, 19, Midfielder","Omari Forson Man Utd, 19, Midfielder",1(1),57,-,-,-,-,-,-,-,-,6.25
1,"422Odysseas VlachodimosNottingham Forest, 29, GK","Odysseas Vlachodimos Nottingham Forest, 29, GK",5,450,-,-,-,-,1,0.2,-,-,6.25
2,"423VitinhoBurnley, 24, D(LR),M(LR)","Vitinho Burnley, 24, D(LR),M(LR)",16(4),1441,2.2,0.5,0.9,0.3,1.4,1.5,0.1,-,6.25
3,"424Jordan ClarkLuton, 30, M(CLR)","Jordan Clark Luton, 30, M(CLR)",5(7),482,1.2,0.3,0.6,-,0.3,0.9,0.1,-,6.24
4,"425ZankaBrentford, 33, D(C)","Zanka Brentford, 33, D(C)",5(2),457,1.1,1,0.9,0.3,2,0.7,0.3,-,6.24
5,"426Arnaut DanjumaEverton, 27, AM(L),FW","Arnaut Danjuma Everton, 27, AM(L),FW",5(9),589,0.4,0.2,0.5,0.1,-,0.2,-,-,6.23
6,"427Jacob Bruun LarsenBurnley, 25, AM(CLR),FW","Jacob Bruun Larsen Burnley, 25, AM(CLR),FW",4(16),474,0.2,0.2,0.4,0.1,0.3,0.2,-,-,6.23
7,"428Calum ChambersAston Villa, 29, D(CR),DMC","Calum Chambers Aston Villa, 29, D(CR),DMC",0(1),45,-,-,-,-,4,-,-,-,6.23
8,"429Sasa LukicFulham, 27, M(C)","Sasa Lukic Fulham, 27, M(C)",6(9),573,1.2,0.5,0.9,-,0.6,0.7,0.2,-,6.23
9,"430Pablo FornalsWest Ham, 28, M(CLR)","Pablo Fornals West Ham, 28, M(CLR)",4(11),420,0.7,0.4,0.2,-,0.3,0.7,0.1,-,6.23
0,"431Morgan RogersAston Villa, 21, AM(CL),FW","Morgan Rogers Aston Villa, 21, AM(CL),FW",0(3),60,-,-,1,-,0.7,0.3,-,-,6.23
1,"432Trevoh ChalobahChelsea, 24, D(CR),DMC","Trevoh Chalobah Chelsea, 24, D(CR),DMC",1(1),109,0.5,1,-,-,1.5,-,0.5,-,6.23
2,"433Andre BrooksSheff Utd, 20, M(C)","Andre Brooks Sheff Utd, 20, M(C)",8(4),610,0.8,0.8,0.6,-,0.7,0.7,0.1,-,6.22
3,"434Matheus FrançaCrystal Palace, 19, FW","Matheus França Crystal Palace, 19, FW",1(9),225,0.3,0.1,0.6,-,0.1,0.6,-,-,6.22
4,"435Ethan NwaneriArsenal, 16, Midfielder","Ethan Nwaneri Arsenal, 16, Midfielder",0(1),13,-,-,1,-,-,-,-,-,6.22
5,"436FelipeNottingham Forest, 34, D(C)","Felipe Nottingham Forest, 34, D(C)",4(2),270,1.5,0.2,1.3,-,0.8,0.3,0.2,-,6.22
6,"437Cauley WoodrowLuton, 29, AM(C),FW","Cauley Woodrow Luton, 29, AM(C),FW",2(11),215,0.8,-,0.5,-,0.4,0.5,0.1,-,6.22
7,"438Maxwel CornetWest Ham, 27, D(L),M(LR),FW","Maxwel Cornet West Ham, 27, D(L),M(LR),FW",1(4),105,0.6,0.2,0.2,-,0.2,0.8,-,-,6.22
8,"439Adam LallanaBrighton, 35, M(CLR)","Adam Lallana Brighton, 35, M(CLR)",10(9),658,0.4,0.1,0.4,-,0.1,0.2,0.1,-,6.22
9,"440Leander DendonckerAston Villa, 28, D(C),M(C)","Leander Dendoncker Aston Villa, 28, D(C),M(C)",1(7),118,0.8,0.3,0.1,0.1,0.4,0.1,0.3,-,6.21
0,"441Carlos ViníciusFulham, 28, FW","Carlos Vinícius Fulham, 28, FW",2(11),307,0.2,-,0.3,-,0.1,0.3,-,-,6.21
1,"442Kieffer MooreBournemouth, 31, FW","Kieffer Moore Bournemouth, 31, FW",0(8),100,-,-,0.6,-,-,-,-,-,6.21
2,"443Ben JohnsonWest Ham, 24, D(CLR),M(LR)","Ben Johnson West Ham, 24, D(CLR),M(LR)",4(5),397,0.8,0.6,0.2,0.1,0.9,0.1,0.1,-,6.2
3,"444Dean HendersonCrystal Palace, 26, GK","Dean Henderson Crystal Palace, 26, GK",8,720,-,-,-,-,1,-,-,-,6.2
4,"445Tawanda ChirewaWolves, 20, Midfielder","Tawanda Chirewa Wolves, 20, Midfielder",0(2),11,1,0.5,1,-,-,-,-,-,6.2
5,"446Nicolò ZanioloAston Villa, 24, AM(CLR),FW","Nicolò Zaniolo Aston Villa, 24, AM(CLR),FW",7(11),553,0.6,0.1,1.1,-,0.5,0.3,-,-,6.2
6,"447Ben OsbornSheff Utd, 29, D(L),M(CLR)","Ben Osborn Sheff Utd, 29, D(L),M(CLR)",5(8),537,0.7,0.2,0.2,-,0.7,0.2,-,-,6.2
7,"448Lesley UgochukwuChelsea, 19, DMC","Lesley Ugochukwu Chelsea, 19, DMC",3(7),271,1.2,0.1,0.4,-,0.3,0.5,0.2,-,6.2
8,"449Eric DierTottenham, 30, D(CR),DMC","Eric Dier Tottenham, 30, D(CR),DMC",1(3),198,0.5,0.5,-,0.5,3,-,0.8,-,6.2
9,"450Oliver SkippTottenham, 23, DMC","Oliver Skipp Tottenham, 23, DMC",4(13),572,0.9,0.1,0.4,0.1,0.2,0.4,0.1,-,6.19
0,"451Divock OrigiNottingham Forest, 28, AM(LR),FW","Divock Origi Nottingham Forest, 28, AM(LR),FW",3(10),334,0.3,0.1,0.7,-,-,-,-,-,6.19
1,"452Mike TrésorBurnley, 24, AM(CLR)","Mike Trésor Burnley, 24, AM(CLR)",3(11),400,0.7,0.1,-,0.1,0.1,0.6,-,-,6.18
2,"453Lewis HallNewcastle, 19, D(L),M(L)","Lewis Hall Newcastle, 19, D(L),M(L)",1(7),106,1.3,0.3,0.1,-,-,0.4,-,-,6.17
3,"454Hannes DelcroixBurnley, 25, D(CL)","Hannes Delcroix Burnley, 25, D(CL)",5(6),563,0.9,0.7,0.5,0.1,1.7,0.1,0.2,-,6.17
4,"455Mohamed ElnenyArsenal, 31, DMC","Mohamed Elneny Arsenal, 31, DMC",0(3),25,-,0.3,0.3,-,-,0.3,-,-,6.16
5,"456John EganSheff Utd, 31, D(C)","John Egan Sheff Utd, 31, D(C)",6,484,1,2.2,1,0.5,6.5,1.2,0.7,-,6.16
6,"457Alejo VélizTottenham, 20, FW","Alejo Véliz Tottenham, 20, FW",0(8),45,0.1,-,-,-,-,-,-,-,6.15
7,"458Boubacar TraoréWolves, 22, M(C)","Boubacar Traoré Wolves, 22, M(C)",3(11),394,0.9,0.2,0.9,-,0.3,0.4,0.1,-,6.15
8,"459Matz SelsNottingham Forest, 32, GK","Matz Sels Nottingham Forest, 32, GK",5,450,-,-,-,-,1,-,-,-,6.15
9,"460Reiss NelsonArsenal, 24, M(LR)","Reiss Nelson Arsenal, 24, M(LR)",0(13),171,0.6,0.1,0.2,-,0.4,0.1,0.1,-,6.15
0,"461Jairo RiedewaldCrystal Palace, 27, D(CL),DMC","Jairo Riedewald Crystal Palace, 27, D(CL),DMC",2(2),175,1,0.5,0.8,-,-,0.3,-,-,6.15
1,"462Maxime EsteveBurnley, 21, D(C)","Maxime Esteve Burnley, 21, D(C)",3(1),277,1,0.8,1,0.3,4.8,0.8,0.5,-,6.15
2,"463Cesare CasadeiChelsea, 21, DMC","Cesare Casadei Chelsea, 21, DMC",0(2),13,0.5,-,0.5,-,1,-,-,-,6.15
3,"464Bryan GilTottenham, 23, AM(CLR)","Bryan Gil Tottenham, 23, AM(CLR)",2(8),191,0.1,0.3,0.2,-,0.4,0.2,-,-,6.14
4,"465Danny IngsWest Ham, 31, AM(C),FW","Danny Ings West Ham, 31, AM(C),FW",2(11),247,0.4,0.1,0.2,-,0.3,0.5,0.1,-,6.14
5,"466Jakub ModerBrighton, 24, M(CL)","Jakub Moder Brighton, 24, M(CL)",0(8),139,1,-,0.4,-,0.5,0.3,-,-,6.14
6,"467Joe RothwellBournemouth, 29, M(CL)","Joe Rothwell Bournemouth, 29, M(CL)",3(8),383,0.6,0.3,0.4,-,0.2,0.5,0.2,-,6.14
7,"468Tim IroegbunamAston Villa, 20, M(C)","Tim Iroegbunam Aston Villa, 20, M(C)",0(4),35,0.5,0.3,0.8,-,-,0.5,-,-,6.13
8,"469Radu DragusinTottenham, 22, D(C)","Radu Dragusin Tottenham, 22, D(C)",0(3),8,-,0.7,-,-,0.7,-,-,-,6.13
9,"470David OzohCrystal Palace, 18, Midfielder","David Ozoh Crystal Palace, 18, Midfielder",0(8),129,1.1,-,0.3,0.1,0.3,0.1,-,-,6.13
0,"471Cheikhou KouyatéNottingham Forest, 34, D(CR),DMC","Cheikhou Kouyaté Nottingham Forest, 34, D(CR),DMC",2(8),202,0.8,0.2,0.3,-,0.9,0.3,0.1,-,6.13
1,"472Cédric SoaresArsenal, 32, D(LR),M(R)","Cédric Soares Arsenal, 32, D(LR),M(R)",0(2),34,-,-,-,-,-,-,-,-,6.12
2,"473Ameen Al DakhilBurnley, 21, D(C)","Ameen Al Dakhil Burnley, 21, D(C)",12(1),1056,0.9,0.9,0.5,0.6,2.6,0.7,0.5,1,6.11
3,"474Hjalmar EkdalBurnley, 25, D(C)","Hjalmar Ekdal Burnley, 25, D(C)",4(2),327,0.3,0.7,0.7,0.5,2.8,0.2,0.3,-,6.11
4,"475Ivo GrbicSheff Utd, 28, GK","Ivo Grbic Sheff Utd, 28, GK",2,142,-,-,-,-,1,-,-,-,6.11
5,"476Josh DasilvaBrentford, 25, M(C)","Josh Dasilva Brentford, 25, M(C)",0(3),23,0.7,-,0.7,-,-,-,-,-,6.11
6,"477Bobby ClarkLiverpool, 19, Midfielder","Bobby Clark Liverpool, 19, Midfielder",1(4),87,0.4,0.2,0.8,-,0.2,0.8,0.4,-,6.1
7,"478Paul DummettNewcastle, 32, D(CL)","Paul Dummett Newcastle, 32, D(CL)",0(1),4,1,-,-,-,-,-,-,-,6.1
8,"479Matt RitchieNewcastle, 34, D(L),M(CLR)","Matt Ritchie Newcastle, 34, D(L),M(CLR)",0(8),104,0.4,0.1,0.3,-,0.6,0.1,-,-,6.09
9,"480Pelly Ruddock MpanzuLuton, 29, M(C)","Pelly Ruddock Mpanzu Luton, 29, M(C)",8(12),827,0.4,0.3,0.4,-,0.7,0.2,0.2,-,6.09
0,"481Naouirou AhamadaCrystal Palace, 21, M(C)","Naouirou Ahamada Crystal Palace, 21, M(C)",0(15),201,0.3,0.1,0.3,-,0.2,0.4,-,-,6.09
1,"482Nathan RedmondBurnley, 29, AM(CLR),FW","Nathan Redmond Burnley, 29, AM(CLR),FW",0(12),133,0.2,-,0.3,-,0.3,0.3,-,-,6.08
2,"483Ian MaatsenChelsea, 21, D(L),M(CLR)","Ian Maatsen Chelsea, 21, D(L),M(CLR)",1(11),201,0.3,0.3,0.4,0.1,0.8,0.3,-,-,6.08
3,"484Remi MatthewsCrystal Palace, 30, GK","Remi Matthews Crystal Palace, 30, GK",0(1),3,-,-,-,-,1,-,-,-,6.08
4,"485Tyrone MingsAston Villa, 30, D(CL)","Tyrone Mings Aston Villa, 30, D(CL)",1,31,-,1,-,-,1,-,-,-,6.08
5,"486Benson ManuelBurnley, 26, AM(LR),FW","Benson Manuel Burnley, 26, AM(LR),FW",1(4),75,0.4,-,0.2,-,-,-,-,-,6.08
6,"487Romain FaivreBournemouth, 25, AM(CLR)","Romain Faivre Bournemouth, 25, AM(CLR)",0(3),16,0.3,-,0.3,-,-,1,-,-,6.06
7,"488Michael OlakigbeBrentford, 19, Forward","Michael Olakigbe Brentford, 19, Forward",0(8),51,0.4,0.1,0.3,-,-,0.3,-,-,6.06
8,"489Alex MurphyNewcastle, 19, Defender","Alex Murphy Newcastle, 19, Defender",0(1),3,-,1,1,-,-,1,-,-,6.06
9,"490Han-Noah MassengoBurnley, 22, M(C)","Han-Noah Massengo Burnley, 22, M(C)",0(3),14,0.3,-,-,-,-,-,-,-,6.06
0,"491Armando BrojaFulham, 22, FW","Armando Broja Fulham, 22, FW",0(3),38,-,-,1.3,-,-,-,-,-,6.06
1,"492Nathan FraserWolves, 19, Forward","Nathan Fraser Wolves, 19, Forward",0(3),97,0.3,-,0.7,-,0.3,0.7,0.3,-,6.06
2,"493Aaron RamseyBurnley, 21, AM(CL)","Aaron Ramsey Burnley, 21, AM(CL)",5(9),526,1.2,0.1,0.5,-,0.7,0.6,0.1,-,6.06
3,"494Jonny OttoWolves, 30, D(CLR),M(LR)","Jonny Otto Wolves, 30, D(CLR),M(LR)",0(1),4,-,-,-,-,-,1,1,-,6.05
4,"495Alfie GilchristChelsea, 20, Defender","Alfie Gilchrist Chelsea, 20, Defender",0(5),18,0.2,0.2,0.2,-,0.4,0.2,0.2,-,6.05
5,"496Divin MubamaWest Ham, 19, Forward","Divin Mubama West Ham, 19, Forward",0(5),76,-,-,0.2,-,-,-,-,-,6.04
6,"497Benicio Baker-BoaiteyBrighton, 20, Forward","Benicio Baker-Boaitey Brighton, 20, Forward",0(4),14,-,-,-,-,0.3,-,-,-,6.04
7,"498Sydie PeckSheff Utd, 19, Midfielder","Sydie Peck Sheff Utd, 19, Midfielder",0(1),9,-,-,-,-,-,-,-,-,6.04
8,"499Fábio SilvaWolves, 21, AM(L),FW","Fábio Silva Wolves, 21, AM(L),FW",3(5),261,0.9,0.3,1,-,-,0.1,-,-,6.04
9,"500Jayden DannsLiverpool, 18, Forward","Jayden Danns Liverpool, 18, Forward",0(2),7,-,-,1,-,-,-,-,-,6.03
0,"501Anis Ben SlimaneSheff Utd, 22, AM(C)","Anis Ben Slimane Sheff Utd, 22, AM(C)",4(7),363,0.7,0.4,0.5,-,0.5,0.5,0.1,1,6.03
1,"502Chris MephamBournemouth, 26, D(C)","Chris Mepham Bournemouth, 26, D(C)",3(3),267,0.7,0.7,1,0.2,1.8,0.7,0.5,-,6.03
2,"503Jaidon AnthonyBournemouth, 24, AM(LR)","Jaidon Anthony Bournemouth, 24, AM(LR)",2(1),154,1,0.3,1.3,-,0.7,2,-,-,6.03
3,"504James McConnellLiverpool, 19, Midfielder","James McConnell Liverpool, 19, Midfielder",0(3),3,-,0.3,0.3,-,-,-,-,-,6.02
4,"505Aaron CresswellWest Ham, 34, D(CL),M(L)","Aaron Cresswell West Ham, 34, D(CL),M(L)",2(2),146,0.3,-,-,-,0.8,-,0.3,-,6.02
5,"506Donny van de BeekMan Utd, 26, M(C)","Donny van de Beek Man Utd, 26, M(C)",0(1),2,-,-,-,-,-,-,-,-,6.02
6,"507Luke BerryLuton, 31, AM(C)","Luke Berry Luton, 31, AM(C)",0(6),49,-,-,0.3,-,-,-,-,-,6.02
7,"508William OsulaSheff Utd, 20, FW","William Osula Sheff Utd, 20, FW",9(7),677,0.1,0.1,0.8,-,0.4,0.1,0.1,-,6.02
8,"509Jack CorkBurnley, 34, DMC","Jack Cork Burnley, 34, DMC",0(3),18,0.7,-,0.7,-,0.3,0.7,-,-,6.02
9,"510Connor RobertsBurnley, 28, D(LR),M(R)","Connor Roberts Burnley, 28, D(LR),M(R)",8(6),819,0.9,0.3,0.4,-,1.6,0.6,0.4,-,6.01
0,"511Bénie TraoréSheff Utd, 21, Forward","Bénie Traoré Sheff Utd, 21, Forward",3(5),387,0.5,0.1,1.3,-,0.1,0.5,0.1,-,6.01
1,"512Youssef ChermitiEverton, 19, FW","Youssef Chermiti Everton, 19, FW",0(10),58,-,-,0.2,-,-,0.2,-,-,6.01
2,"513Thilo KehrerWest Ham, 27, D(CLR),M(R)","Thilo Kehrer West Ham, 27, D(CLR),M(R)",0(4),19,0.3,-,0.5,-,-,-,0.5,-,6.01
3,"514Enes ÜnalBournemouth, 26, FW","Enes Ünal Bournemouth, 26, FW",0(3),24,-,-,0.3,-,-,0.3,-,-,6.0
4,"515Alex MatosChelsea, 19, DMC","Alex Matos Chelsea, 19, DMC",0(1),1,-,-,-,-,-,-,-,-,6.0
5,"516Amadou DialloNewcastle, 21, Forward","Amadou Diallo Newcastle, 21, Forward",0(1),1,-,-,-,-,-,-,-,-,6.0
6,"517Dane ScarlettTottenham, 19, FW","Dane Scarlett Tottenham, 19, FW",0(1),1,-,-,-,-,-,-,-,-,6.0
7,"518Daniel GoreMan Utd, 19, Midfielder","Daniel Gore Man Utd, 19, Midfielder",0(1),1,1,1,-,-,-,-,-,-,6.0
8,"519James McAteeMan City, 21, AM(CR)","James McAtee Man City, 21, AM(CR)",0(1),1,-,-,-,-,-,-,-,-,6.0
9,"520James TomkinsCrystal Palace, 34, D(CR)","James Tomkins Crystal Palace, 34, D(CR)",0(3),5,-,0.3,-,-,-,-,-,-,6.0
0,"521Jamie DonleyTottenham, 19, Forward","Jamie Donley Tottenham, 19, Forward",0(3),3,-,-,0.3,-,0.7,-,-,-,6.0
1,"522Joe WhiteNewcastle, 21, AM(C)","Joe White Newcastle, 21, AM(C)",0(1),1,-,-,1,-,-,-,-,-,6.0
2,"523Kaide GordonLiverpool, 19, Forward","Kaide Gordon Liverpool, 19, Forward",0(1),1,-,-,-,-,-,-,-,-,6.0
3,"524Marcus BettinelliChelsea, 31, GK","Marcus Bettinelli Chelsea, 31, GK",1,1,-,-,-,-,-,-,-,-,6.0
4,"525Marek RodákFulham, 27, GK","Marek Rodák Fulham, 27, GK",1,1,-,-,-,-,-,-,-,-,6.0
5,"526Michael NdiweniNewcastle, 20, Forward","Michael Ndiweni Newcastle, 20, Forward",0(1),1,-,-,-,-,-,-,-,-,6.0
6,"527Rodrigo RibeiroNottingham Forest, 18, Forward","Rodrigo Ribeiro Nottingham Forest, 18, Forward",0(1),1,-,1,-,-,-,-,-,-,6.0
7,"528Thomas CannonEverton, 21, FW","Thomas Cannon Everton, 21, FW",0(1),1,-,-,-,-,-,-,-,-,6.0
8,"529Tyler OnyangoEverton, 20, M(C)","Tyler Onyango Everton, 20, M(C)",0(1),1,-,-,-,-,-,-,-,-,6.0
9,"530Myles Peart-HarrisBrentford, 21, AM(C),FW","Myles Peart-Harris Brentford, 21, AM(C),FW",0(3),11,-,-,0.7,-,0.3,-,-,-,6.0
0,"531Cole PalmerMan City, 21, AM(CR),FW","Cole Palmer Man City, 21, AM(CR),FW",0(1),10,-,-,1,-,-,-,-,-,5.99
1,"532Neal MaupayEverton, 27, AM(C),FW","Neal Maupay Everton, 27, AM(C),FW",1(1),112,-,-,0.5,-,0.5,0.5,-,-,5.99
2,"533Willy KambwalaMan Utd, 19, Defender","Willy Kambwala Man Utd, 19, Defender",1(1),85,0.5,-,0.5,-,1.5,-,0.5,-,5.99
3,"534Andrey SantosNottingham Forest, 19, M(C)","Andrey Santos Nottingham Forest, 19, M(C)",0(1),7,-,-,-,-,-,-,-,-,5.98
4,"535Bertrand TraoréAston Villa, 28, AM(R),FW","Bertrand Traoré Aston Villa, 28, AM(R),FW",0(2),10,0.5,-,-,-,-,-,-,-,5.98
5,"536John FleckSheff Utd, 32, DMC","John Fleck Sheff Utd, 32, DMC",1(3),90,0.3,-,0.5,-,0.3,0.3,-,-,5.98
6,"537Tom DaviesSheff Utd, 25, M(C)","Tom Davies Sheff Utd, 25, M(C)",0(7),125,1.1,0.4,0.6,-,0.6,0.9,0.1,-,5.96
7,"538Ben DoakLiverpool, 18, Forward","Ben Doak Liverpool, 18, Forward",0(1),13,-,-,-,-,-,-,-,-,5.95
8,"539Mason BurstowChelsea, 20, FW","Mason Burstow Chelsea, 20, FW",0(2),8,-,-,-,-,-,-,-,-,5.95
9,"540Deivid WashingtonChelsea, 18, FW","Deivid Washington Chelsea, 18, FW",0(1),9,1,-,-,-,-,1,-,-,5.94
0,"541Rhys Norrington-DaviesSheff Utd, 24, D(CL),M(L)","Rhys Norrington-Davies Sheff Utd, 24, D(CL),M(L)",2(3),111,0.2,0.2,0.6,0.2,0.4,0.2,-,-,5.94
1,"542Mason HolgateSheff Utd, 27, D(CR),DMC,M(R)","Mason Holgate Sheff Utd, 27, D(CR),DMC,M(R)",3,193,1,1.7,1.3,-,2.7,0.7,0.7,-,5.93
2,"543Antwoine HackfordSheff Utd, 19, Forward","Antwoine Hackford Sheff Utd, 19, Forward",0(2),11,-,-,-,-,-,-,-,-,5.92
3,"544Rhian BrewsterSheff Utd, 23, FW","Rhian Brewster Sheff Utd, 23, FW",3(8),305,0.5,-,0.5,-,0.2,0.2,-,-,5.92
4,"545Jaden PhilogeneAston Villa, 22, M(LR)","Jaden Philogene Aston Villa, 22, M(LR)",0(1),3,-,-,-,-,-,-,-,-,5.91
5,"546Matt TargettNewcastle, 28, D(L),M(L)","Matt Targett Newcastle, 28, D(L),M(L)",1(2),78,0.7,-,-,0.7,0.7,-,-,-,5.91
6,"547Kalvin PhillipsWest Ham, 28, D(C),DMC","Kalvin Phillips West Ham, 28, D(C),DMC",2(3),226,1.4,0.8,2,-,0.4,0.4,-,-,5.91
7,"548Ben ParkinsonNewcastle, 18, Forward","Ben Parkinson Newcastle, 18, Forward",0(1),24,-,-,-,-,1,-,-,-,5.89
8,"549Brandon AguileraNottingham Forest, 20, Midfielder","Brandon Aguilera Nottingham Forest, 20, Midfielder",0(1),4,-,-,3,-,-,-,-,-,5.89
9,"550Cameron ArcherAston Villa, 22, FW","Cameron Archer Aston Villa, 22, FW",0(1),5,-,-,1,-,-,-,-,-,5.89
0,"551Thiago AlcântaraLiverpool, 32, M(C)","Thiago Alcântara Liverpool, 32, M(C)",0(1),5,-,-,-,-,-,-,-,-,5.89
1,"552Anass ZarouryBurnley, 23, AM(L),FW","Anass Zaroury Burnley, 23, AM(L),FW",1(5),149,0.2,-,0.7,-,0.2,0.7,-,-,5.85
2,"553Ryan OnéSheff Utd, 17, Midfielder","Ryan Oné Sheff Utd, 17, Midfielder",0(1),7,-,-,-,-,-,-,-,-,5.81
3,"554Luke HarrisFulham, 18, AM(C)","Luke Harris Fulham, 18, AM(C)",0(1),74,1,-,2,-,-,1,-,-,5.73
4,"555Andrei RaduBournemouth, 26, GK","Andrei Radu Bournemouth, 26, GK",2,180,-,-,-,-,0.5,-,-,-,5.7
